header length,14
Area,East Midlands
Baseline,1981-2010
Data Source,Regional simulations
Members,01,04,05,06,07,08,09,10,11,12,13,15
Scenario,RCP 8.5
Software Version,WPS-2.15.0-DP-2.15.0-CV-1.0.10
Spatial Representation,Administrative Region
Temporal Average Type,Monthly
Time Period,all
Variable,Mean air temperature anomaly at 1.5m (°C)
Year Maximum,2081
Year Minimum,2025
Date,Mean air temperature anomaly at 1.5m (°C)(01),Mean air temperature anomaly at 1.5m (°C)(04),Mean air temperature anomaly at 1.5m (°C)(05),Mean air temperature anomaly at 1.5m (°C)(06),Mean air temperature anomaly at 1.5m (°C)(07),Mean air temperature anomaly at 1.5m (°C)(08),Mean air temperature anomaly at 1.5m (°C)(09),Mean air temperature anomaly at 1.5m (°C)(10),Mean air temperature anomaly at 1.5m (°C)(11),Mean air temperature anomaly at 1.5m (°C)(12),Mean air temperature anomaly at 1.5m (°C)(13),Mean air temperature anomaly at 1.5m (°C)(15)
2025-01-16,0.8318758,0.25135064,1.7139192,3.0935304,1.1681702,0.29620504,0.4922819,1.257071,3.773796,0.15362978,0.7636514,0.63163614
2025-02-16,-2.5415442,3.2250335,-0.052642107,2.4797223,1.1552119,1.8352757,-0.5627732,1.4831216,0.36250496,1.8995385,-0.040346146,1.9926653
2025-03-16,1.1386557,3.8934207,4.461349,1.2478828,1.6479764,1.7151508,2.094798,0.1781125,0.8303709,0.7448237,1.5068645,1.6343799
2025-04-16,-0.31203175,0.18397474,1.9683719,2.49512,0.2804799,0.26762962,3.5465927,3.738706,-0.9271889,0.8890195,0.08354044,0.4265151
2025-05-16,0.95681,3.5246105,2.3218536,1.3416929,-0.058228493,-1.1233988,-0.54755974,2.474184,2.046588,0.22059155,-0.22861099,-0.14475346
2025-06-16,3.8404312,1.7838116,-0.4912691,2.1359377,0.2772827,5.891699,-0.01891613,2.534833,-0.9158478,0.5665684,2.1360188,1.8020458
2025-07-16,5.4516945,2.957201,2.524127,2.176855,3.0886374,5.251665,2.0431614,0.8502979,0.28289604,1.654048,3.1409302,1.7268753
2025-08-16,3.75416,1.7174473,1.919672,1.2845201,3.029189,3.134571,2.6512356,1.6371708,0.29374123,2.2868128,3.6905727,1.136179
2025-09-16,2.4666338,0.6499567,1.3252163,2.5235472,3.4034157,2.4196024,1.7071848,1.4036226,1.25245,1.4900303,3.2564974,0.2527361
2025-10-16,2.4325724,1.0576725,2.0908232,2.5302935,1.4090338,1.5498047,0.70363617,-1.8739119,0.93550014,-0.4556141,2.4213848,2.3687859
2025-11-16,0.42268324,1.1358786,0.14147997,0.4515438,1.7492137,2.275323,1.3782563,0.49703026,-1.893712,1.3545704,2.5099745,1.1190405
2025-12-16,2.5173178,1.7973504,3.6342556,1.6093388,1.2827029,-0.21798706,1.6376371,0.47416973,-0.3762529,-2.2428706,2.082645,0.632359
2026-01-16,4.005012,-0.15984726,0.10611105,3.5201175,-1.7268581,-0.23893166,1.3059726,-0.5775547,1.46686,-7.732677,2.9099193,-2.9378843
2026-02-16,3.1215663,-0.7497318,0.9957597,1.1336529,-2.933444,2.053781,0.71877193,3.3674333,-0.08826947,-3.9283628,3.3838859,1.4825206
2026-03-16,3.2469807,2.112225,2.3566175,1.6944156,2.3178377,1.2091508,0.42278814,0.64351606,1.7310686,0.7362268,-0.40317535,0.87515163
2026-04-16,2.6862173,-0.85500574,1.6530099,2.669218,0.90298367,0.5747433,-0.5381198,2.704677,1.5496922,-0.20140028,-1.1393785,0.7696986
2026-05-16,2.2563019,0.49224567,-0.98094845,0.46536446,1.1067667,3.4486904,1.4779329,2.5336246,1.3862095,2.0911465,0.6104593,1.7105465
2026-06-16,1.5733032,4.373994,2.2695532,2.0452957,1.4769144,3.3937473,0.8031635,0.8966522,0.9853506,-0.23650074,2.1229515,-1.0281553
2026-07-16,4.081835,1.0012722,0.24389744,3.3055325,2.012824,2.2088947,1.900898,0.023389816,1.9531689,-1.7487917,1.4603386,-0.04483223
2026-08-16,1.9375095,3.0546627,1.892559,5.103507,2.588172,2.440939,0.91633797,-0.20843697,2.5731983,-1.0254679,1.3240147,0.35822678
2026-09-16,2.2525873,1.4928942,1.3393373,3.399623,2.1345272,0.7169714,3.5533485,0.88459396,1.7966318,-0.009396553,1.9570665,4.114334
2026-10-16,1.0888281,1.6820974,2.2977839,2.1423979,2.384036,1.0987282,1.0425034,2.5152855,2.359908,2.6702604,1.0858946,-0.3055172
2026-11-16,1.1473746,0.68659496,0.74508,1.9595981,-0.108127594,2.031416,2.317728,-0.60802746,1.5684118,1.3482256,1.7267799,1.5762863
2026-12-16,2.0215836,0.21678591,3.383373,-0.33981752,-0.14855862,-1.0846176,1.3038769,-1.8920658,0.6998358,0.4274764,1.4138198,-0.9741273
2027-01-16,1.2254481,-1.3039298,1.7701669,2.2612312,-1.1955824,-2.989132,2.8115196,0.8838935,1.6714568,1.6118364,1.673574,-0.20771837
2027-02-16,-1.754895,3.411969,-0.17477226,2.8151143,-0.03715706,-3.1070132,1.5299964,0.7399714,2.7747314,-1.0657117,2.2421546,0.78611803
2027-03-16,1.0489497,2.334507,0.10133028,3.2858014,2.3545876,0.43048716,1.8859911,2.1609664,2.4351664,0.93853545,0.5022807,-1.9371734
2027-04-16,2.651926,-0.8218808,1.5359721,0.88489056,1.8746505,0.7248678,0.855927,3.6728635,0.43168354,2.325069,1.1851945,-0.8505893
2027-05-16,1.7336054,1.0309601,0.0826416,0.89683914,0.36309528,0.45513725,0.095438,-0.54476833,-0.19178677,2.5518312,3.3624382,2.3863153
2027-06-16,0.7831373,3.4510202,0.45298576,1.4925842,1.1075945,0.7280388,0.6316652,1.4745798,-0.50317955,1.875206,5.3287964,0.5217705
2027-07-16,1.463047,1.9016476,-0.34124184,2.4081783,-0.44504452,0.20926857,0.24168968,1.6799965,0.1494503,1.7851095,4.319578,0.62026787
2027-08-16,2.1263638,2.9493275,0.35796547,3.789403,0.80468655,0.9347992,2.6429539,2.1603413,1.5409622,2.249648,3.8510342,1.1703262
2027-09-16,2.927678,0.19922638,1.526062,1.6589499,1.3087969,1.4337673,2.7880878,2.035551,2.8548136,0.13612652,2.099246,1.8384418
2027-10-16,1.6866493,0.9201412,-0.6894455,1.6124716,-0.7670374,4.309658,0.055358887,1.8302794,1.9496336,2.222414,0.36783028,0.5798464
2027-11-16,3.458188,-0.16827297,0.76036453,2.8800616,-0.20754623,4.167362,0.94281244,1.2896681,2.823578,1.5333238,-0.46332788,0.38302326
2027-12-16,2.303916,1.8166742,0.3061185,1.2950993,4.4136796,-0.13416529,3.9531221,-0.11728811,3.5875869,2.378676,0.9926801,0.9066
2028-01-16,0.7834902,0.6218717,-0.034499884,2.870588,-0.18791533,3.283649,0.557251,0.72048855,-0.016397,-0.90356433,1.230082,-0.9443188
2028-02-16,1.0503945,3.979015,0.5753858,1.6313932,-0.3803501,2.0606875,0.1191349,1.4515431,0.66961145,1.5739019,-0.2432766,1.9502301
2028-03-16,1.8621254,3.257568,0.33750105,2.44241,-2.4222283,0.971148,0.69833755,1.3358006,2.2661242,-0.4527173,-1.4267673,1.3564949
2028-04-16,2.1680336,1.7981486,-1.3131475,3.0709038,-0.2901125,-1.024611,0.70568895,2.0401998,0.6472697,-0.2707715,-0.18781567,-1.1034527
2028-05-16,1.0656824,3.5314302,0.119978905,5.0882597,2.4256697,-0.8835087,1.1196995,0.32662582,2.4182434,0.10276985,1.8827486,-0.031269073
2028-06-16,3.4450035,0.27523804,2.287506,3.1796923,3.7139645,3.0061703,-1.162447,0.26591778,2.8901272,-2.169879,2.5587845,0.82281876
2028-07-16,1.6647243,3.0657825,3.1646624,0.5539131,3.8810263,1.0636501,3.4269943,1.3588238,3.5268993,-1.1715336,2.3168716,0.005203247
2028-08-16,-0.005001068,2.3576508,2.0140305,1.62041,2.6550322,1.4314823,1.4217834,2.4513245,3.5874023,1.1477537,3.0718002,-1.0358543
2028-09-16,0.17990685,2.4158525,1.8175077,2.1922178,3.0712204,0.99672127,0.63748074,1.7654018,3.9974546,0.9159355,1.1932402,-0.13962173
2028-10-16,-0.1368761,2.1141415,1.1711302,0.7028856,3.455555,1.0882931,2.1984644,2.9473677,2.2152004,2.7192364,2.3268538,2.632575
2028-11-16,0.13691139,1.4448318,0.38040352,0.85005426,0.06270838,2.2756433,3.3572083,1.9702015,2.197958,2.9912639,3.659379,-1.632493
2028-12-16,-0.9187007,1.500143,2.3202436,1.6453838,0.7630763,0.26574564,-1.0954642,2.2322025,2.4396648,3.250898,0.18577671,1.2241011
2029-01-16,-1.5589116,-2.320161,1.1457958,2.6170652,0.75471187,2.5354128,1.5760398,-0.8483927,2.7179427,2.3270798,0.13103008,1.5877624
2029-02-16,-1.4039857,-2.1429076,0.19080257,2.0441806,-0.7286179,1.6958795,1.220737,3.6370142,4.133874,-2.7958975,0.31618452,-1.0382538
2029-03-16,-0.2790866,0.27778673,0.47500086,2.4333687,-0.11728907,1.560492,1.2614408,3.5118036,1.5219464,0.0008459091,0.09820318,-0.6546669
2029-04-16,-1.9593658,0.4973092,1.7290254,0.9116287,1.6518865,1.5182714,3.1600513,3.7507892,2.0528536,3.1746626,-0.455091,3.3282485
2029-05-16,2.4215107,1.1078806,1.6951752,1.6554785,1.2245684,0.91185284,2.564271,0.8338413,-0.6424036,2.772727,2.1201906,0.8100462
2029-06-16,0.8813257,0.5004692,2.4402733,2.3900309,2.600648,1.9454994,2.417879,0.35193825,4.5724716,-0.008265495,5.0600166,5.3175545
2029-07-16,0.9454212,4.348919,2.706048,3.6936207,3.590907,1.8986092,-1.1758795,1.0489883,4.2468586,0.6977072,2.7779331,2.5620365
2029-08-16,2.8746624,2.569189,3.1912613,2.1978197,1.6908484,3.0631142,0.45225906,2.0662003,3.184101,2.3832407,1.5498657,0.68728065
2029-09-16,1.6042843,1.9966116,3.569581,2.5952406,1.7949038,0.5206852,1.0938005,1.2067852,2.350172,0.6940479,-0.77214146,-1.8894558
2029-10-16,1.8964329,0.3311653,1.6621742,2.776843,1.2629223,2.1927128,1.431428,0.1596508,4.0729322,-0.46582603,-0.15256405,-0.2198019
2029-11-16,1.8221922,1.289495,0.82471466,2.9922795,-1.6535902,2.0589933,2.5062065,-0.024139404,0.21473408,1.0631366,-0.7210007,1.6215382
2029-12-16,2.851008,-1.6365678,3.099057,2.5326486,-0.3748381,3.8286552,3.2869625,-0.33531284,1.2248931,1.4351401,0.1398716,0.7371068
2030-01-16,1.2799554,-0.16551805,-0.16286325,2.36858,0.4359305,2.168737,3.0908723,-0.9146769,1.2324765,0.9726901,1.4073763,1.2304316
2030-02-16,2.6018019,0.90297246,-0.41954112,2.6751344,-0.20319939,1.4124718,-0.50542355,0.9145925,3.0717857,1.860734,1.0276852,0.4898348
2030-03-16,1.1069179,0.1584549,3.785109,1.9515567,1.3137116,0.9986701,-2.7645724,1.8289919,0.6615238,3.0190294,0.6664443,0.7448549
2030-04-16,-1.1726918,-0.49448824,0.52876234,2.0815191,0.61379623,2.1497517,0.165164,1.5927539,1.3689313,1.145885,3.0807786,1.001617
2030-05-16,0.94031906,-0.82559395,2.0223398,3.2627897,1.4014664,3.2540627,2.4628735,-0.061924934,0.19608784,1.6705256,1.289298,2.7778301
2030-06-16,2.421033,1.1777859,1.6953154,3.128192,-0.21578026,1.5077248,1.3674488,-0.14469242,-1.478982,0.57592106,1.1691742,0.39316273
2030-07-16,1.7664299,1.5066109,1.6782999,5.812622,1.5468779,2.9930592,1.0701828,-0.6978569,3.8953056,0.86617184,2.539175,0.96406746
2030-08-16,1.5223789,3.417921,4.5528126,2.3634958,1.4010401,3.125494,-0.10125542,1.4777508,3.0046902,1.3872652,2.2411823,1.7594051
2030-09-16,1.2100849,1.6201591,2.5463324,2.606677,-0.40237617,1.3279114,1.3928137,0.7999506,3.8512182,1.2376184,1.9137135,0.23268795
2030-10-16,2.6468668,0.23278141,-0.22697735,1.9954758,0.3489275,2.2660398,1.9611454,0.7300329,2.082224,0.45274448,1.9096041,1.8338089
2030-11-16,1.9928942,1.3881221,0.15076065,1.7541261,-0.7433338,0.98466825,3.349969,1.4087067,-0.40066433,2.0382066,1.3958292,-0.34521866
2030-12-16,1.7300315,0.9369421,0.5075393,0.8580551,1.847074,-0.15627098,2.4418097,-0.14817381,0.10164881,2.4476066,0.17504072,2.3653784
2031-01-16,0.57797194,-2.3609004,2.0445867,-1.683646,3.7177923,2.5407262,-1.2426867,2.3569355,2.783296,1.3764782,1.0396981,2.408218
2031-02-16,-1.553349,-0.31687522,1.2179086,-0.56184435,1.4405298,2.583294,0.7477894,0.4634359,1.1085324,-1.0752151,0.978879,2.1839328
2031-03-16,2.7849483,2.0483694,2.7615085,0.3658085,-2.292434,1.6992044,-0.6919155,1.7484097,2.9996958,1.0273931,0.908185,1.4627252
2031-04-16,-1.5581961,3.5297933,1.1297998,-1.1039252,-2.1524801,2.748128,0.424829,3.24126,1.0389943,0.4183998,1.3455405,0.81647253
2031-05-16,0.9055815,2.2544174,0.231534,0.70566654,0.16397095,2.8176718,2.3785372,4.5270004,0.85249996,2.0848331,0.55232906,2.462966
2031-06-16,1.8244114,1.6717243,0.9566221,-0.34228992,0.5776577,1.3768692,0.3037901,1.0784655,1.087265,1.0474749,-0.93758583,0.25101566
2031-07-16,0.38218307,2.9626732,2.639287,0.91288567,0.65323925,2.610695,1.6880264,2.454626,3.7761383,0.6721163,0.7821007,4.169056
2031-08-16,1.5780716,1.4561386,0.42399597,1.6681108,2.6202154,1.2215214,0.7461529,2.073906,3.135912,0.7226238,4.0969944,3.4501762
2031-09-16,1.9394245,1.6393728,1.4310455,2.1426134,0.52261925,1.3569517,3.208908,1.6134281,4.9299345,3.5719633,3.319417,1.7339573
2031-10-16,3.4829454,1.8484468,2.514183,0.14237118,-0.28631306,0.7778511,3.993661,1.6106529,0.97316647,1.448493,3.068778,1.0097599
2031-11-16,3.307397,1.2350669,-0.023684502,2.4058032,1.0105548,-0.90996695,2.1223278,1.1382799,1.9457417,2.5654945,1.2033758,-1.8105688
2031-12-16,1.9732933,1.7011471,4.141217,1.7746267,3.059092,3.0988836,0.9923134,2.2394795,1.1175303,1.0995078,1.5626063,2.2368512
2032-01-16,-0.792326,-0.83257985,1.201582,0.69486785,0.09667277,2.118701,1.007618,2.4944072,2.1421661,0.4359846,1.7301693,-0.38472986
2032-02-16,2.250874,2.7344787,-0.94632626,2.331576,-0.9350374,-0.60264635,0.27426147,2.2950366,0.09973431,-1.5772355,0.13985968,0.7741604
2032-03-16,0.8341942,0.43712378,2.326603,1.712285,-1.721611,1.3557658,0.20883512,2.8514175,-0.043683052,-1.4987566,2.4686193,0.9513836
2032-04-16,0.96030045,0.61388016,1.3940206,2.0923777,-0.70605993,-1.8777256,3.516841,0.7637963,2.0543385,0.31898117,1.5078006,-1.1367211
2032-05-16,0.9882879,1.1306858,0.9791508,1.2509756,-1.118021,3.7854738,5.044916,2.4972591,3.4661646,-1.0066223,1.5627155,-0.16821289
2032-06-16,1.7226667,0.4874401,-0.28068733,1.2688894,2.4504356,1.4604387,0.4737587,3.805028,2.772375,0.694993,3.7166271,-1.3045111
2032-07-16,4.0363064,3.2824688,2.1898966,1.9445648,2.755208,1.4246235,3.504696,2.9858932,3.5576744,-1.1857586,2.3384247,0.45548248
2032-08-16,2.087019,2.068573,3.0570927,3.7381907,1.0395861,1.2929878,1.6688633,2.237629,2.5890465,0.9289913,0.088092804,-1.5754375
2032-09-16,2.987998,2.3009796,2.7700968,1.6754704,1.8102007,2.2282104,-0.22744942,1.9348736,3.7240934,3.2789917,0.54233265,1.7782421
2032-10-16,3.7847013,-0.07592869,1.433528,1.2685175,2.1711607,1.8766804,-1.4304581,2.7523098,2.84367,1.974741,1.8320742,2.5130663
2032-11-16,1.5503454,1.076282,-0.75732183,2.0739636,-1.4461207,0.81091356,-0.7581849,0.8228731,0.48592377,1.5107112,0.85815907,0.5351944
2032-12-16,1.7416348,3.2962408,1.9308059,-0.9290061,2.1755762,0.10860109,-3.5097198,4.0341773,-0.005478382,3.6911764,-0.5150957,0.5663471
2033-01-16,1.0643077,0.36653614,3.6635194,1.4081228,-2.7212985,0.28445816,-1.839911,3.8801866,3.4035249,2.6018062,0.25567245,1.4303222
2033-02-16,0.046717644,4.122246,1.1361077,1.9059865,0.80799055,-1.3994405,0.01983738,-0.52614355,3.0815256,0.6262884,0.24716711,0.82285404
2033-03-16,0.64044094,2.041079,2.000444,1.046175,-0.7761667,-1.8626771,-0.007732868,1.717742,2.1605678,-0.59319496,-0.1792903,2.0757012
2033-04-16,-0.8019428,3.0954232,1.8505864,0.7663436,2.242577,1.560648,0.49742842,1.6539197,2.5948963,1.0318379,0.47836065,-0.38475323
2033-05-16,1.3349686,1.703701,0.352952,1.2495747,0.08535385,0.74487305,1.5402613,2.4117785,2.1676865,0.20790195,3.3960629,-0.5718975
2033-06-16,5.148134,3.8256254,2.3383245,2.2520208,2.447939,0.5312252,4.836235,2.7592764,2.0253048,0.22297096,4.635105,1.8203354
2033-07-16,2.9263058,2.6062088,3.2994642,1.4324188,1.2372484,2.56217,1.1295738,1.0569077,1.9598083,0.46690273,2.3923607,3.028637
2033-08-16,1.9019184,4.037863,2.1303616,2.362998,2.8523378,3.785717,3.6125069,2.8326683,2.6360035,4.7397795,3.2620354,2.7967434
2033-09-16,2.6032972,1.5116062,2.2647533,3.2426653,-0.8901453,2.1044884,2.33714,1.702507,1.028039,0.91776466,4.1039553,1.060049
2033-10-16,2.5130358,-0.13469982,1.6740799,-1.3402214,2.3339634,1.1083097,3.53588,1.1064672,1.8750563,2.3068857,1.4492722,4.110263
2033-11-16,0.5425205,1.6444278,-0.6495743,1.5392623,2.154777,1.2156925,2.3682156,2.8145742,2.8929539,2.0452194,-0.11740303,1.8774033
2033-12-16,-1.3151155,0.5360265,1.1747973,3.6214685,0.5824132,2.6921592,0.3512087,2.769312,3.2922173,1.810617,-2.8895032,0.30815315
2034-01-16,0.5000167,0.33453083,-1.9369247,1.3266127,0.6234772,3.130546,-0.29796362,-0.84949017,1.583787,-2.1971524,-3.3552437,1.6546812
2034-02-16,3.2125683,-0.65828466,-0.9925356,0.5634773,0.07119417,1.1766124,0.7379904,-2.3858938,0.087712765,2.6551757,-1.4151437,0.77720547
2034-03-16,2.5069747,2.1571321,-0.65415955,0.26671505,3.0752172,1.1884637,1.4200044,1.4923725,-0.6712475,2.8898532,-0.8912277,-1.5953455
2034-04-16,1.7305613,0.73823166,-0.31653452,-0.58391523,0.3717842,2.6387653,0.9742346,2.8120847,1.2541037,2.4579735,1.202745,1.3304439
2034-05-16,4.5002546,-0.742753,1.9832449,0.83505726,0.9777527,0.22170544,1.7638865,1.9504128,-0.01590538,1.876318,3.0670614,3.80157
2034-06-16,3.223549,2.566722,0.4505329,0.878808,2.0590181,-0.49192142,1.9366703,0.60238934,1.9559278,3.573845,4.6281013,-1.0457754
2034-07-16,3.9829884,1.0865822,2.7533045,1.8892498,1.4003496,2.304615,-0.7471447,1.3868656,-0.032663345,1.0315981,6.074835,0.42956161
2034-08-16,2.8762207,4.428261,1.0195236,1.0715647,3.1601324,1.9715252,1.5814114,1.7729568,2.8019066,2.3059874,3.138857,1.719368
2034-09-16,3.1489878,2.8940697,0.6921005,1.3403091,0.4261551,1.7888565,1.6736002,3.0428467,2.3091164,2.6005583,4.2659597,1.5211697
2034-10-16,2.0747528,3.2675543,4.089587,1.3041992,2.3777704,1.0221338,1.8677521,2.2043095,2.2386284,1.9642134,2.6993666,1.3423262
2034-11-16,1.2562871,0.37415075,2.2624555,0.485497,2.4032845,0.0155210495,1.3292847,2.5766745,1.4150362,0.89957666,0.22857094,1.2247419
2034-12-16,0.5318756,-1.8796437,2.6791022,0.6683245,3.1370778,-0.28983688,1.893537,2.0343776,1.3168039,0.41239524,-0.2224307,2.131085
2035-01-16,1.7286654,2.2820666,2.4992895,-0.3235891,-0.27793097,1.8464394,2.5031104,-2.0152621,2.632187,1.6691904,0.80459166,0.20970678
2035-02-16,2.0996866,5.558756,0.57242894,-2.5733843,-0.6634679,-1.7815297,-1.5232711,1.988035,2.6488254,3.3619742,3.2888231,2.4691038
2035-03-16,2.136558,2.6018138,0.7880535,1.303288,1.2631669,0.75943327,-0.30206585,1.551621,1.6091895,0.2627728,2.6903753,1.6485405
2035-04-16,-1.6662397,-0.13099718,0.41141176,2.3104591,0.75194454,-0.06331396,3.4060917,2.3405395,2.992323,-0.5851016,1.8501,0.8952403
2035-05-16,1.1397924,-0.18613052,2.3735561,2.6919231,2.4044352,-0.028812408,2.6139364,3.484188,1.6441698,1.0537424,0.35264874,1.1501675
2035-06-16,1.6109753,0.8897867,0.71609783,1.3441601,-0.33693123,1.7024918,0.57331085,4.5723047,0.42216492,1.2652206,2.747202,0.073926926
2035-07-16,1.5044842,0.14895248,1.2866468,1.2871437,2.5517817,2.5308247,2.5396595,3.0849686,1.0394745,-1.1058416,2.7483978,0.44407463
2035-08-16,1.6498795,2.0717735,1.1695881,3.2650232,2.7900991,3.5225124,2.4178352,3.489624,1.9358368,-0.14020061,3.3906555,1.7581482
2035-09-16,2.6506033,1.8357897,1.6606083,1.6123571,2.3775778,1.3562098,0.44933987,2.011469,1.3605852,1.3068237,2.417365,0.6117182
2035-10-16,4.462076,0.8241415,2.2048683,1.8486233,-0.023778915,1.7879448,0.97956276,0.7112293,1.9456816,0.9111347,0.79388905,2.7652416
2035-11-16,3.922862,2.7301307,2.434095,1.2270322,-0.3038659,2.5324688,-0.5700536,3.2946959,-0.21785975,0.6046243,1.5855083,2.2648506
2035-12-16,2.0107055,1.4913058,1.9202788,0.92898035,0.25438166,-1.3940554,2.1728344,1.0655842,1.0106678,1.7438397,0.49316692,-0.49925518
2036-01-16,0.3545599,3.560908,2.6200824,1.5370305,-1.8189422,0.7862072,-0.059517384,-1.4569051,3.5445843,0.9140632,1.171906,2.8908663
2036-02-16,-0.978168,3.7649186,1.5625126,3.3404586,2.0615954,1.518053,0.39979696,0.7679007,3.524462,1.0782342,1.5254893,1.5867395
2036-03-16,2.390048,0.5402932,1.9888492,1.2149906,0.25145483,3.2458572,0.20537901,-0.5847087,3.356835,0.12575555,3.038784,0.5517397
2036-04-16,2.3208218,0.60735273,2.3046994,0.41931534,-0.72013474,0.8776283,1.0773706,0.87440395,3.611475,0.79260635,1.4753795,2.5111012
2036-05-16,3.049633,0.893425,1.9947681,-0.1973095,0.87815857,1.3555384,4.0133896,1.0036316,1.5598927,0.045763016,0.57063293,1.5895462
2036-06-16,4.7962894,4.5459642,2.815897,-0.042077065,1.5549107,3.238718,0.9794283,2.900159,2.2049809,3.2334328,4.1915226,-1.4989796
2036-07-16,1.0850353,2.7180882,1.1750784,1.8611641,1.4475088,0.023042679,3.124424,2.5323696,2.3713799,1.1524973,4.757124,-1.2205162
2036-08-16,1.77598,2.5556374,2.7234802,2.3464956,0.68159485,3.9310017,3.2250633,3.1522808,3.8146343,2.1075487,2.3789597,-0.32652855
2036-09-16,0.78959465,1.7184048,3.6430387,3.3092356,1.2505064,3.2225447,3.269144,2.5293179,2.0216513,2.7643385,3.603715,2.3689861
2036-10-16,0.49156952,3.4952545,1.3135185,2.8666286,0.88272285,2.5946207,0.8721161,0.69880104,2.0774336,3.9371452,3.4704733,0.5635586
2036-11-16,0.56464195,3.7409062,0.9298835,3.0479407,1.8396316,2.538497,1.4248514,0.3138275,2.7641907,4.427605,2.6750317,0.15053129
2036-12-16,-0.2446332,1.0203576,-1.1203239,3.4345465,0.22488356,0.98357296,-0.41359806,0.59896183,-1.2033355,2.5594993,0.32356405,-1.6761241
2037-01-16,0.72824,0.61525965,0.27710032,2.9818075,0.055794,1.5703454,-2.2159917,-1.3307364,-0.6692194,2.7811432,0.66082287,-1.0905926
2037-02-16,2.990282,5.064642,1.3656185,1.6532829,-0.86063194,1.8787036,-0.43145442,1.7888472,-0.51075745,1.8092465,0.3964448,-4.663387
2037-03-16,1.8176165,1.1830835,0.41784143,1.8627892,1.1918364,1.1278439,1.3852968,2.3927722,1.3543158,1.7899644,2.4244785,-0.11820793
2037-04-16,3.390709,2.3270106,0.38792706,0.58715296,0.8144078,1.125247,3.337206,1.565413,2.337039,2.6856108,3.7612987,1.1437831
2037-05-16,0.3232212,0.5693493,0.15381718,1.3436127,-0.63840866,1.9590111,1.5164881,3.0278807,2.4342632,3.000723,2.6972494,-1.206708
2037-06-16,0.15946388,0.8026962,2.8032112,3.03481,0.756793,0.8506651,3.841877,0.31327343,2.5137634,-0.24904633,3.377205,-0.16034031
2037-07-16,2.2214565,3.0691738,3.098075,2.382635,0.78088474,1.7542896,1.6980438,0.7835674,2.6775036,-1.0530281,2.6647968,-0.44878006
2037-08-16,1.9231224,3.7435932,1.824852,2.2110224,3.4159746,0.5305023,1.3266525,2.8643665,2.23563,1.5178919,1.4940109,0.8523941
2037-09-16,2.0982294,1.5548449,1.3424883,2.0575647,1.7671957,1.3232574,1.6430435,2.4949322,2.302621,1.523613,2.7866201,0.9594078
2037-10-16,0.17398739,1.1037273,1.2683735,2.804716,1.475174,3.7313223,1.6133709,0.8713274,3.1872883,1.279006,3.9925566,1.7783384
2037-11-16,1.585599,2.1193366,2.218454,2.066955,1.5482721,3.6713839,2.977293,3.108696,2.0513906,0.3254633,2.4018536,-0.060587883
2037-12-16,2.5847569,0.21556139,3.524667,3.6776628,0.84358597,2.4091754,0.29657793,2.3158054,1.1429605,3.3453808,-0.42418528,-1.5657661
2038-01-16,0.64024544,-0.3342259,0.90512323,1.9297502,2.1996906,2.3332224,0.150074,2.1911268,3.2311206,0.39022613,2.821065,0.6862979
2038-02-16,2.2143874,-0.08602929,1.6399424,2.2822587,1.7218828,2.289816,2.4265275,1.9258344,-0.3128717,1.7999778,0.5929408,-0.5896244
2038-03-16,4.0494986,1.190176,1.2067451,2.524064,-0.17086315,1.3119555,-0.46619606,0.49535942,1.8704014,0.93107915,0.118879795,0.217134
2038-04-16,1.3075104,2.131887,2.7436423,1.1086788,3.3194804,1.8197594,2.6580276,1.3533072,1.764123,0.13682032,1.2743611,0.09547949
2038-05-16,1.7777996,2.440339,4.591501,2.061244,1.9184456,1.7890959,0.9790249,-0.21304607,1.5939989,5.4047947,-1.0842686,0.61177254
2038-06-16,1.4140606,0.75168705,3.1835442,4.4885893,1.0016928,6.6896152,1.2355661,-0.10306072,0.175416,2.8108082,3.5640106,1.695076
2038-07-16,1.7190571,1.7824192,3.8639402,3.9717789,0.1010313,3.9073105,3.1538792,2.9323654,0.13992882,4.106168,3.7802544,0.4929924
2038-08-16,1.8611279,2.763277,1.7636986,4.6199007,0.07967663,2.250906,3.1773567,4.162634,1.3886948,2.8404398,1.6660042,1.1639805
2038-09-16,3.3807,2.6189175,2.3295774,0.9857216,0.07075024,0.8884554,5.209757,1.8033228,3.463832,1.0160618,2.4192667,2.860279
2038-10-16,3.086773,4.0423155,3.143238,1.2119408,0.418643,4.098917,4.523446,2.0526762,4.879305,-0.24708939,1.2885609,3.4597492
2038-11-16,-0.3003292,2.7974029,3.9940886,1.6704087,1.0596166,2.5007381,2.1990185,1.94063,2.191493,-0.103524685,0.8049631,0.9820576
2038-12-16,2.6255336,1.7583508,4.5816803,1.7821527,-1.1369963,0.5395169,1.9765644,0.5752654,3.7943625,0.47720146,2.864109,0.14844847
2039-01-16,1.8020711,1.7228053,1.393086,0.55376744,-1.2464237,0.21191216,3.111227,2.8527555,2.1016564,2.2312336,-0.4836867,1.16958
2039-02-16,0.4013176,1.8441865,0.18572474,0.13562703,-1.0009029,1.63095,1.9777498,1.4410589,2.311392,-0.82540643,-2.6978486,0.84175396
2039-03-16,2.4566126,4.3686013,1.3317065,1.2983861,0.07299185,-0.12898588,0.4746728,0.29159832,0.23299599,1.8312681,0.3708291,2.5570054
2039-04-16,2.1730642,2.6341271,1.7070718,1.9187727,1.2162461,-0.28440523,3.0605698,0.14819145,0.2787938,2.5857315,0.14322567,0.70614195
2039-05-16,3.266449,2.4375134,-0.44990444,0.8794575,2.200922,1.8147755,2.5839052,1.3251619,2.7302675,-0.36943817,1.7754812,1.8586502
2039-06-16,4.248047,2.4456816,0.1928854,0.98190594,3.4727116,2.0255337,2.6655273,1.4086227,2.8716526,-1.3911276,2.9396725,2.4461155
2039-07-16,1.5299244,1.3040314,0.892539,1.2272377,4.586425,1.9381962,4.365671,2.4616985,0.8474312,1.7683191,3.9921665,0.6532116
2039-08-16,2.176424,1.7315998,3.7513542,2.480548,2.4347277,2.3270817,2.3206367,3.3509521,3.910984,5.6409655,2.975956,1.3577251
2039-09-16,2.2509375,1.9984655,1.904993,1.522253,2.1322355,3.6544561,2.9949875,2.5771713,2.4404955,1.7116365,3.5421057,0.55434895
2039-10-16,2.3666716,3.2324944,0.30358982,0.38518238,1.0899391,1.9447622,2.4469624,1.8069792,2.6534662,1.6711836,1.6597319,2.3241205
2039-11-16,1.3106303,1.2404261,0.4806733,1.6488566,1.5855012,1.6547518,2.2127733,2.585452,0.8586378,3.1263108,1.7530632,-0.07755089
2039-12-16,1.4680991,3.4684138,1.9854004,1.8521786,-2.8956888,0.49244118,-0.768229,1.8388238,1.7121735,-1.8840486,-0.16042423,0.2642789
2040-01-16,2.539785,1.5894172,0.7743144,2.7786176,0.22550416,1.9355378,0.28047824,0.689198,1.9133854,-4.4642444,1.8384433,1.5106549
2040-02-16,2.5182247,2.9823763,1.7681019,4.0003223,1.8825068,2.046761,0.6105361,1.436094,0.45996714,-0.10514569,1.5935779,-0.40849495
2040-03-16,0.7027688,2.8154855,3.2094278,0.02521801,3.6199012,2.0443492,2.3282743,1.8432169,0.53360415,-1.2349794,2.616603,0.22448158
2040-04-16,0.57221556,-0.22120571,1.9868512,2.4421682,4.4238496,0.6349497,0.53128624,1.7904611,2.050107,-1.1246777,0.7979436,3.261436
2040-05-16,0.31724262,2.0622444,2.059291,4.873513,1.7512369,0.45802498,2.2435417,2.561718,2.3432026,-1.9541922,3.124524,2.85081
2040-06-16,1.4812841,1.4805622,2.8436985,1.4052315,0.5732975,1.8142357,0.29511738,4.9022875,0.7159128,2.5325203,2.7343159,3.0966892
2040-07-16,0.55099297,1.252491,1.4816904,1.3945713,3.1329832,3.3739548,2.846367,2.6388512,1.6398773,5.303338,1.9714317,2.8815727
2040-08-16,2.5512981,0.41648865,2.3217087,2.430335,1.1962404,5.7524376,3.9717236,2.299427,4.0081806,2.3347902,1.618782,3.2320747
2040-09-16,1.7731209,0.9225445,1.6827669,1.0812826,0.29688263,4.3118277,1.0837955,3.6243534,3.9332972,1.9328499,1.8843269,2.6725197
2040-10-16,4.274493,1.2958002,1.1893721,0.8807421,2.285923,3.523899,0.9653292,2.0380278,4.4931164,2.2402172,2.2268763,3.503808
2040-11-16,2.4977493,2.0630412,1.5334082,2.3151202,2.3182025,4.542777,2.38379,1.7580557,1.0704479,1.2727137,-0.024194717,0.96977615
2040-12-16,2.1316137,1.615705,3.7052295,1.2366548,-0.54386973,1.1237135,0.40968943,1.2032437,2.5737839,1.129991,2.6702042,0.25953627
2041-01-16,0.21753788,-0.403028,-1.2492416,1.8445122,2.0023534,1.7159433,3.7564511,0.76895094,-0.6346227,4.603112,-0.36320448,1.1530447
2041-02-16,4.023891,1.9444196,-0.19662738,0.12308335,0.40643358,1.9517059,0.704021,1.6092331,2.570758,3.3404627,2.8927803,1.513566
2041-03-16,1.5448284,3.272315,0.07187271,-1.592459,0.6440873,-0.15428877,-1.072653,0.75261927,1.210803,2.842817,1.9225082,2.2194571
2041-04-16,1.0428667,0.81145,-0.979054,0.14742756,0.92413473,0.24486828,1.3298774,0.4961505,2.5589485,2.4500875,0.31888628,0.14442968
2041-05-16,1.8584375,2.7007332,2.146349,2.078745,0.057261467,2.5560102,2.245078,1.0108213,1.7742558,1.2782822,3.601471,2.6293964
2041-06-16,2.022275,3.5852785,1.758194,3.8402376,2.8039627,4.705372,2.0157204,-0.103821754,6.9202557,3.8488083,2.2110157,0.3158579
2041-07-16,2.689785,0.5795727,1.3465662,2.9361782,-0.27441025,2.7622643,2.0602932,1.9709816,3.020172,0.19534683,4.9563828,2.16082
2041-08-16,3.8889523,1.7070599,3.051258,3.0959654,2.8809366,2.0159245,3.8971863,2.0524254,3.9748154,0.7641773,4.157482,2.1648102
2041-09-16,2.7933607,3.388218,2.671649,1.3344879,2.757059,2.7368708,4.749939,2.892973,5.1627836,2.8641825,4.1923285,1.0538044
2041-10-16,2.5874653,1.9803934,1.822957,1.2623501,3.3329124,3.441208,2.5695953,1.571269,4.153125,0.73308945,3.7321472,0.10997391
2041-11-16,2.686451,2.3812833,2.2916255,0.035622597,1.0669456,2.0539608,4.3187113,2.394308,1.9970293,0.73510456,1.3509922,0.5492134
2041-12-16,1.8519492,0.9188466,2.0983465,3.0157843,0.8160615,0.08621359,2.8721023,2.660379,0.40122223,3.2538037,1.9247103,0.12937641
2042-01-16,2.1935334,0.83440995,4.052786,1.7206352,1.8000929,1.5288386,2.248547,4.0599437,0.867908,0.67726946,1.6872668,0.60083675
2042-02-16,2.11026,0.05013752,0.022168398,1.4253972,2.1941648,1.760839,0.64414215,2.4013274,3.1316874,3.626789,4.6913595,1.7834535
2042-03-16,3.0137243,1.068521,1.6315246,2.1360116,0.98878384,2.8848066,0.24988174,1.0701833,-0.03732419,1.1167357,2.703559,0.265635
2042-04-16,4.568863,1.7750382,2.126186,0.6887226,0.50202274,0.55320835,1.1196394,4.3271527,-0.9066272,1.7368565,1.8057771,1.4210773
2042-05-16,3.5639343,0.9409046,0.7183094,2.6134214,0.8470764,0.4015808,3.0149088,0.08452034,-0.3778,0.6039858,2.0456715,1.6085701
2042-06-16,2.191311,2.873767,-0.06393051,3.7213793,0.096105576,3.118641,0.266634,4.8177385,1.1083632,2.5819168,2.1052628,0.0047922134
2042-07-16,4.054735,1.1113529,2.467698,0.46749687,0.4841156,4.4685974,1.5095024,3.8711834,3.1457157,2.003848,2.5464096,2.731266
2042-08-16,1.4451008,3.4291744,1.9218845,1.015727,0.9932375,3.8673286,2.4034634,2.018341,3.4843273,2.6800566,3.456131,1.8704109
2042-09-16,2.8787355,3.802496,3.3667822,1.957551,2.3795862,2.8513994,3.077835,0.61731243,3.505931,2.5640163,2.839799,3.0382233
2042-10-16,2.3490667,1.6782312,2.2981682,1.6994696,2.9117203,3.4164839,2.3101826,1.9918995,1.5480328,1.3657722,1.5854368,1.2649069
2042-11-16,4.4134836,1.1583018,2.2016606,1.4081502,1.5211387,0.6937561,1.9932966,2.1513948,0.7572417,2.852374,0.52112293,1.0053129
2042-12-16,1.8121204,2.4145308,2.0058348,3.0683246,2.6148858,1.2277203,0.8313155,3.7763257,1.7488747,4.249538,1.7344289,-0.65967035
2043-01-16,1.9023519,2.6911576,3.677061,0.062333822,0.4496572,2.0911336,-0.42999697,1.8784084,2.2189827,0.48895693,1.4816751,1.5890408
2043-02-16,0.55286884,4.3265123,1.6144364,1.7384679,-3.9660048,-1.1535974,-0.2341044,1.6804864,1.9654315,0.8587134,2.5113506,2.6890168
2043-03-16,2.408403,2.749107,0.09633541,1.6515517,-2.6714573,0.6461053,-0.11441612,2.686386,0.72461176,1.736572,1.6552925,-1.3825445
2043-04-16,1.2701035,2.2556214,1.7323632,3.2364311,0.3170166,1.5935745,2.3951426,3.0057836,0.5648966,0.1433754,2.022572,1.9978395
2043-05-16,3.635126,3.0453787,2.1136436,0.747262,0.8543072,-0.45592022,1.33817,2.1113033,3.1472197,2.3100662,3.445612,1.3449564
2043-06-16,3.2421227,0.8922577,0.8752661,2.5568285,0.63748074,2.9365864,2.6971474,1.110076,2.631422,3.6498356,3.3851452,1.2591648
2043-07-16,3.2102337,1.2791328,3.4373217,0.4409008,2.4083376,3.5407467,1.9952888,1.0571594,1.7410545,3.5364504,2.53088,1.9385738
2043-08-16,4.1400604,2.510273,2.8187962,0.64929867,2.9102278,4.149891,4.248308,2.305935,2.36265,3.5877314,4.141695,1.5586262
2043-09-16,3.2615728,2.5885935,3.8143148,1.4398108,1.2234325,4.1246843,2.7605705,1.8306255,2.6825018,2.717867,2.2759104,2.2870655
2043-10-16,3.4243307,3.4241667,1.5349455,1.2307854,1.2092886,3.7473907,3.2654772,0.5332918,1.9837179,1.9452581,-0.087231636,2.0811815
2043-11-16,3.0169144,4.2545257,0.47602844,-1.170958,-0.6445565,1.4852791,4.0205975,2.0317364,1.4365749,1.2047477,2.4968357,1.4614773
2043-12-16,0.6941037,3.5959282,2.5875251,3.4430237,1.3125558,-0.40207958,2.8135877,2.341135,2.9268064,4.3925204,0.5948801,1.2691307
2044-01-16,0.4426446,2.4012058,-1.5969107,1.9322059,1.8521473,1.0227051,2.9097514,0.99880075,3.7408004,1.2370415,0.95411825,0.78109884
2044-02-16,1.9150276,4.328987,-1.7858281,2.8460371,1.5991497,0.69357395,1.9162984,2.2984912,0.8402829,2.0551848,-1.2760501,1.6079917
2044-03-16,0.38237333,3.3676271,2.089024,2.919042,1.1044769,1.9939785,1.9664869,2.7578216,0.8348813,0.9973624,1.2959476,1.1159744
2044-04-16,-0.0060505867,2.2958817,3.1460767,1.6121035,1.231142,0.21525383,3.7161398,1.9430966,1.8465233,2.7518644,2.2554297,1.7865357
2044-05-16,2.3720512,1.6044378,1.1664448,-0.07140732,-0.7650528,2.5344725,2.4513063,3.4017534,2.61267,1.5599375,0.7981024,2.4645643
2044-06-16,3.067484,1.5613031,1.9792376,1.0562677,-0.31597424,3.4997444,4.4634743,3.295741,2.161603,1.6837702,2.7196198,1.6768188
2044-07-16,2.5947685,4.027006,3.0456476,2.8532772,2.696889,0.984396,0.8847351,2.9135742,5.679102,3.7333784,2.8974571,1.7215118
2044-08-16,2.1491394,2.8741302,3.447235,2.860036,2.6089716,2.6925888,2.979374,3.5884953,3.9200935,2.90133,3.3266182,1.414587
2044-09-16,1.0284863,3.0397186,2.670827,2.3732595,4.239109,3.518464,2.3513966,2.725521,4.2513323,1.315238,2.9520044,0.8149862
2044-10-16,2.837183,2.4823427,3.0606022,2.3928413,2.4930897,1.6250296,4.3184195,3.446251,3.8563156,3.0966444,1.2716637,2.2668066
2044-11-16,0.16886282,5.0718017,3.5252795,1.6248326,2.2156272,2.5464497,2.9190655,1.5213642,2.7183895,1.9932914,-1.160367,0.9341507
2044-12-16,0.70309496,2.4650693,3.5114276,2.4147077,0.48139286,1.5817108,0.3649249,3.0332222,3.3398595,1.0896621,-0.09692764,-1.053967
2045-01-16,1.3702378,2.6060293,0.53400326,0.11238742,2.013766,3.7070227,3.1090112,2.16705,3.8830633,1.4811659,2.7790017,-1.6464515
2045-02-16,1.6175241,2.6035426,2.1951396,4.0572634,2.1711378,0.56327724,1.6645403,0.13668585,1.8648674,0.31177044,2.4413643,-1.2847321
2045-03-16,-0.49050045,2.5246463,2.560297,-0.27430916,2.1717753,2.038993,1.3924093,1.8635373,1.6733642,-1.0931187,2.2963972,-1.1567569
2045-04-16,0.24524736,3.0961003,2.3998904,2.6130762,0.6782899,3.8685093,3.1256514,2.1342568,0.6321106,1.7353511,1.4415412,0.13413668
2045-05-16,0.7612705,2.6068869,3.1335,2.9490051,2.5443554,5.60209,2.4255667,3.2806864,0.1663971,1.4589968,1.4405632,0.99620914
2045-06-16,1.9563351,1.438302,1.7796984,2.1368332,1.504818,1.705512,3.911068,3.1269102,3.745264,1.322566,3.0786533,3.0219421
2045-07-16,2.866581,1.9718933,3.0354776,3.6412392,1.207406,1.9446411,3.064249,1.2885246,5.4299984,2.5927572,7.5776787,4.005312
2045-08-16,2.1433163,3.4015522,3.2602081,2.6994104,2.797948,1.8849983,2.8492413,2.4562817,1.4465828,3.3980398,5.96307,0.042837143
2045-09-16,1.6020069,3.5869656,2.2672844,1.8062572,2.8397818,1.1873941,3.9879456,2.407627,2.28366,3.2022667,5.0589495,2.1699734
2045-10-16,2.9923878,4.0978184,1.621192,4.2453623,2.5637655,0.52390003,4.3594675,1.6663904,1.9805384,2.8782654,2.7358189,1.4949255
2045-11-16,1.0407438,1.8873792,3.1932902,1.8978724,1.2641454,1.9065275,1.285286,-2.2535748,1.7522278,1.7722797,1.034873,2.0299053
2045-12-16,1.0165629,5.0487657,0.8475244,1.2176971,2.205902,1.7574425,0.6905627,0.35075712,0.3175292,0.19236827,2.1523004,-0.8857651
2046-01-16,-1.313525,2.860398,3.987454,2.0427783,0.25929475,1.5541067,3.2830791,1.0073242,3.6401696,2.6949258,-1.8932822,0.1742301
2046-02-16,2.408463,2.0142643,3.1851184,2.761824,0.5307331,-1.0417647,2.1310654,3.9898517,2.5332944,2.8731542,-1.7231817,-0.08498478
2046-03-16,1.766645,4.0326,0.92442036,-0.0016274452,0.8894191,0.043022156,3.0890021,2.3039093,1.2314692,1.5569923,0.03038311,-0.72696304
2046-04-16,0.44749784,2.0185018,1.222786,1.0840836,0.64740705,1.303895,1.6475315,1.205204,3.6908827,2.7368193,0.8885064,0.94590044
2046-05-16,-0.40488815,2.36053,2.6392365,4.462079,2.331355,3.004939,3.7588615,1.9109259,2.648943,0.8640995,1.1701288,-0.01708126
2046-06-16,0.76712036,4.9931,0.6841955,2.5876818,1.860466,2.167324,0.49870586,2.0528574,3.457098,1.3835945,1.9153328,-0.4251852
2046-07-16,3.157034,5.0777245,0.4927168,3.1343098,2.0704584,3.9122314,2.343319,2.7509346,2.8670254,1.2246428,2.4670544,0.5459652
2046-08-16,2.6259537,3.129284,1.3231335,3.823079,4.0795317,3.6231003,1.1807499,2.408453,3.8881397,2.3798513,3.836956,1.3055496
2046-09-16,3.3651857,5.097185,3.1434832,2.8969488,2.5431938,2.6432867,2.9204845,1.9645452,2.088994,2.4736557,4.814685,1.4874992
2046-10-16,3.2673836,5.565671,3.1089458,2.549241,3.2700834,1.8022814,3.6736956,0.58972645,2.6619158,3.1415434,5.168296,1.3769999
2046-11-16,1.8858843,3.4457822,1.9207244,3.032209,3.3646598,1.5215282,0.6068282,2.737379,1.487895,2.955379,0.5754461,2.3848143
2046-12-16,1.312087,0.2599454,3.735347,1.6387496,0.12805128,2.2603593,0.8279381,0.59186697,1.2197552,2.6442575,2.7820425,2.0212078
2047-01-16,0.7201414,-0.32920814,1.6349378,3.3086202,-3.862141,0.5275769,0.08774996,4.6327567,1.9762478,3.6430874,2.5859904,0.8353629
2047-02-16,3.1621614,3.3907864,2.117473,0.8027761,1.0142732,-1.2321603,2.9674072,1.8477232,-1.1786898,3.0113597,3.4966116,0.03755617
2047-03-16,3.7695694,0.2622862,4.154199,2.3136358,4.1225286,1.5959363,1.6660275,2.164307,-0.09556174,2.0693095,1.3142681,1.3611889
2047-04-16,4.5164604,1.5750947,1.7976279,3.0272102,6.5764174,0.6325178,1.5652943,3.2774615,-0.16079092,1.232624,1.7780833,1.7720723
2047-05-16,3.372366,2.275443,3.8508778,1.8798428,2.5621548,3.3967323,2.0344448,2.720274,1.7290773,1.1916027,2.0424652,2.7410288
2047-06-16,1.8595285,1.7514076,0.72118473,0.58517647,3.4788857,5.0675774,2.1130142,3.7980871,2.2048855,1.0938921,4.9311714,0.1755476
2047-07-16,4.352558,2.6147099,1.2671537,3.5753574,3.165927,3.2356453,3.6042156,3.5726414,1.2784119,1.2938375,3.049221,-0.21513748
2047-08-16,5.4584637,2.8538857,2.7997742,5.435357,1.9365664,2.3434086,4.8020897,2.892725,2.1160011,1.1400061,2.6207829,2.8681717
2047-09-16,4.2022467,4.610159,3.0688963,1.683548,4.423332,2.733756,3.1957588,2.7195606,1.5582762,1.976428,3.5787954,3.5713005
2047-10-16,2.0962114,4.1541376,4.6888695,2.4432716,4.2333155,2.3618898,2.3891172,2.7930698,2.6950207,1.6554203,3.2761536,2.4444437
2047-11-16,2.9568825,4.7994494,0.028194904,2.693646,1.3958054,2.9523935,3.0885763,1.6624708,2.2236738,1.1064591,0.9211588,2.9092607
2047-12-16,-0.3452587,1.9462223,2.5923069,3.3876572,0.6392193,1.2569456,0.29236412,0.53378725,0.5285735,2.4691963,1.5529304,-0.18913841
2048-01-16,2.781302,1.7429955,3.0094156,0.14817834,1.9168246,2.7791333,0.9985285,3.6923275,2.2925215,0.33743382,-1.0436542,0.2629094
2048-02-16,1.4622078,5.7611046,-0.2595694,1.5791824,0.6411619,0.67338514,1.1042008,2.8480914,2.2143457,1.3767378,-0.505775,-1.64973
2048-03-16,3.9959126,3.4478803,2.25837,2.5675316,3.8622127,-0.5159664,2.483058,1.4331675,1.5781522,1.8859513,-1.485393,-0.37430334
2048-04-16,3.055789,2.484283,2.0510278,3.1055984,0.6132879,-0.11881542,3.9627972,0.120121956,0.38628054,1.9531722,-0.35557938,0.46762323
2048-05-16,2.9153728,4.865715,2.3079615,3.513297,2.580186,2.4531326,-0.39641666,0.6841278,-0.68683815,1.0431595,1.7675867,0.5223017
2048-06-16,3.719925,2.3152628,4.0303535,3.3808947,1.9382515,1.6420288,2.8328571,0.19629955,3.4870033,0.24309254,2.5568275,0.31985664
2048-07-16,1.7275124,0.97330856,3.26126,2.5520382,3.7578955,1.2559109,2.321125,1.9430485,4.630707,-0.33596802,3.8402271,0.15416527
2048-08-16,2.268692,2.8353786,5.5678253,0.80422306,2.570014,3.36067,4.7860527,1.1929703,3.5141144,3.620368,3.6770992,0.5358162
2048-09-16,2.5074892,4.431839,4.154666,1.5786924,2.2362547,2.3908968,4.402664,3.322403,4.5328474,3.0794907,3.3929205,1.238493
2048-10-16,4.951764,4.200879,2.6239042,3.4597263,2.4028835,2.9858875,2.535739,1.6026516,3.3062515,1.6259623,3.3686438,3.4713202
2048-11-16,3.5263338,2.6012845,1.669724,3.1071935,0.8768678,2.6626596,1.7482238,1.9218073,1.5723767,2.2888722,1.1892681,-0.79551935
2048-12-16,0.6363044,2.0158167,3.650119,1.7766471,1.0212312,1.2559037,0.02286768,0.30983305,0.5350585,-1.5152105,1.9540448,0.21088886
2049-01-16,0.28793955,1.9955838,1.7585206,3.7287862,3.1685789,3.8983383,1.7679143,2.5899563,3.3429713,2.1667504,1.9335895,2.4402056
2049-02-16,0.91754293,0.44605088,3.93795,2.6906188,1.5389814,2.5013614,3.0720916,2.5126545,1.1889756,0.9404619,1.0184002,2.4406514
2049-03-16,1.0753188,2.3856335,2.5312414,1.7754765,3.015791,3.9232588,4.0424976,2.3820453,2.8463578,0.21015048,0.107746124,1.1797132
2049-04-16,2.0089645,3.0418801,4.0548615,1.1559515,0.7485862,1.4390249,2.4987564,2.9181075,2.1644907,-0.04358816,-0.15976715,1.5995402
2049-05-16,1.9930658,4.706106,3.7536573,1.3265247,1.2279787,1.8847914,1.8538342,1.5689011,2.451271,4.029175,3.8258238,1.0602245
2049-06-16,1.4922676,4.4458094,2.5634727,2.0292664,1.4410009,4.842003,2.437727,3.8203554,3.9385395,2.4763842,6.6646957,4.673622
2049-07-16,3.3113766,3.7576447,4.13869,1.0765858,1.9887362,5.911751,1.6815071,3.6835728,2.630394,0.4044857,5.90485,3.0166378
2049-08-16,3.008133,5.4632225,4.167055,1.7373667,3.4234533,5.21056,1.7383881,2.8927307,4.881378,2.5505228,3.2649956,2.3049889
2049-09-16,2.06882,4.904232,2.506259,3.3692503,0.97717476,2.9490404,4.025364,2.2694206,3.0542288,3.0187473,5.783721,3.7300167
2049-10-16,4.088443,3.832738,2.9898367,2.7428198,1.0540714,0.8454008,4.1922436,1.0943718,3.0873022,3.3483353,1.8994322,2.2119598
2049-11-16,3.272213,2.1554885,3.6905236,3.4256215,1.5747976,0.9710355,2.8538313,2.4737692,2.8322086,3.268784,1.5536261,1.8508348
2049-12-16,2.1283092,0.45292425,3.0267398,3.0102372,0.96696806,0.99422693,1.9735894,2.3697577,2.796586,3.0477777,1.7011132,0.121050835
2050-01-16,1.549356,2.8502924,4.4654145,2.7271626,0.1469779,3.3722796,1.4860902,2.1396203,3.8579698,3.2017174,0.619215,1.9416299
2050-02-16,0.32855844,0.3114624,3.2401283,2.048988,1.6851907,1.9311261,-0.49601936,3.2332532,3.2916882,-1.3222833,-1.3606834,-0.71556044
2050-03-16,0.9306512,0.15155506,1.1957889,0.51236105,-1.011359,1.6278772,-0.089808464,0.9013448,2.6879954,0.3332622,0.32807064,0.954751
2050-04-16,2.159114,3.5326915,1.3164773,1.2538986,0.938488,2.9470444,1.2815385,4.2671266,0.28522968,2.3632703,2.4438987,1.347693
2050-05-16,0.51095676,1.5027761,2.1560888,2.591648,2.687584,3.467636,2.535205,2.881072,1.6629887,1.4416418,2.215785,1.1303225
2050-06-16,0.7818737,4.1354513,0.42464542,5.3922834,3.0429993,2.0067883,3.508358,3.0866938,2.2919426,0.057950974,3.5427876,0.88365555
2050-07-16,0.32489014,3.7874928,2.5107985,4.1999702,2.4863157,3.3284912,2.349289,3.093647,1.3244267,0.04516983,3.6860428,3.0579376
2050-08-16,3.250885,4.7779217,2.4769745,3.1341314,2.2157373,3.2237473,4.011711,5.283846,4.617796,2.7182932,3.3489857,1.2570038
2050-09-16,5.394536,5.0400047,1.8759651,1.720398,3.556181,4.9211473,5.9238987,3.483595,3.399333,2.7031803,4.1288176,2.2454624
2050-10-16,1.9690418,3.10983,3.673747,1.6564808,1.8516998,6.390312,4.637491,2.1382294,4.793433,1.9964304,4.1162243,2.6057053
2050-11-16,3.2198381,3.346106,1.6207495,2.1130319,2.8593593,2.5462332,3.4627504,3.775319,4.068227,1.3380232,1.9233208,1.6420584
2050-12-16,2.2551112,1.2110224,2.909983,2.5576844,0.050456047,2.765914,2.6338162,1.0648298,3.626824,3.6473794,3.0610275,-0.5326414
2051-01-16,2.6694794,-0.15628171,0.95592856,3.4229958,2.4239976,1.5662227,5.317186,2.9553614,2.5219269,1.9025025,-1.8445861,1.6307807
2051-02-16,2.7439647,4.5373993,5.4706316,2.8782198,1.6001902,0.33942747,0.20388508,0.9630568,1.1860514,0.91198516,-1.2877254,1.5568819
2051-03-16,3.3370495,1.7701883,5.8385262,2.7053294,0.9395437,2.1870604,1.540556,2.2024612,0.76163673,-0.63258815,-0.41385317,0.48270798
2051-04-16,0.14949751,2.4209409,3.687529,1.4884291,1.2361746,0.41152096,0.18220043,2.47084,-0.48665333,2.1183305,1.9683127,0.9406085
2051-05-16,1.6485758,3.4101553,2.3861837,1.0061989,1.0784178,0.49458027,1.7704859,3.0034838,2.0540648,2.0490522,0.04749298,1.9140921
2051-06-16,2.5868683,3.56396,4.898657,3.2095003,1.3525248,7.348133,-0.19872093,2.2368155,0.9914942,3.303709,4.638418,2.9763603
2051-07-16,2.4522724,4.6382484,4.1200953,1.3906536,1.7877684,1.4205303,1.7262955,5.355139,2.1712055,1.6137266,5.72126,3.759966
2051-08-16,2.8802204,3.272543,4.1213856,4.906846,2.8482504,1.1489182,6.034046,4.291357,1.9948082,5.803359,4.582075,2.6634674
2051-09-16,2.8684206,6.1679153,3.0117102,2.089345,2.9964752,3.1548548,3.2881203,2.9771461,1.9310236,0.84407234,2.8849287,1.1989784
2051-10-16,3.6547003,5.4214125,3.3721867,1.71698,3.3051882,2.75776,3.8671436,2.6616316,1.3605576,0.3309393,1.2818098,3.6999464
2051-11-16,3.385583,1.981359,0.9811697,1.9045253,2.5528474,3.4656115,3.8491144,2.1902065,3.1081896,0.48251963,0.99662495,0.22554111
2051-12-16,0.085244656,2.3354106,3.773166,3.1397896,0.3040967,1.4200978,1.6638169,1.0658121,1.2539864,1.7959919,1.2306566,2.295813
2052-01-16,0.53549147,3.8485477,3.1330533,2.29685,1.1328132,3.8132343,2.0260668,0.68724346,2.9055886,1.9474473,-1.215544,-0.46091413
2052-02-16,1.1358614,0.71887565,3.8708847,-0.34483242,0.05730772,2.756434,1.7633514,1.6018951,3.814439,2.9825168,2.2071486,-0.5712247
2052-03-16,0.7751236,2.8547277,3.3657331,0.67135525,1.9365063,3.2676735,3.6488562,1.8417296,0.36714554,3.0685012,0.42261314,-1.0270224
2052-04-16,2.771532,1.5698428,1.7755742,2.1549892,6.586926,1.4368153,1.7538338,3.4970336,1.9820404,0.033234596,2.917192,-0.07694864
2052-05-16,2.3894024,3.067747,1.7664557,1.866108,2.1477041,2.0062752,3.4548874,2.3938675,6.0965757,2.5742683,4.9802294,2.4857655
2052-06-16,3.6606712,2.5918818,1.8922682,5.387721,3.4698029,2.393486,2.1634007,1.9698267,3.6801586,-0.9035492,4.9464836,2.9096394
2052-07-16,4.176996,3.8799515,2.295226,5.346119,6.2956095,3.304327,1.4671402,2.4160557,6.6760254,1.6928492,5.340765,1.9380913
2052-08-16,3.824974,4.874153,5.389559,4.5899897,5.965131,2.1951256,4.9227753,3.6247425,3.7813263,3.5072184,4.3043613,3.4820576
2052-09-16,4.2708406,2.6077194,4.0783014,2.0477972,5.3163815,3.6148329,4.399084,2.5159473,2.413518,2.469058,3.96457,2.9488888
2052-10-16,2.7796593,2.8699408,4.222022,3.4165392,5.4269514,2.272973,3.1809225,2.756916,2.8219004,2.0924683,3.8219042,3.6410723
2052-11-16,3.237259,4.4010005,1.3773985,2.0933537,3.7936597,3.43433,3.6081047,1.0435715,1.0248566,3.4212108,4.439312,1.8818369
2052-12-16,1.6617646,5.1345096,4.140086,3.8260965,2.3644848,-0.47835827,-0.1788361,3.1557703,0.52872753,3.9226942,1.5951934,1.0415049
2053-01-16,0.8715191,3.170121,1.7843585,4.0119314,0.19164252,0.38696814,3.3553882,2.4255972,-0.26170456,2.5902624,2.8304586,1.3984451
2053-02-16,2.8454628,2.889558,1.1256406,3.013809,-0.3173008,1.0661955,3.090868,0.27324796,-1.5864636,0.48348618,3.240478,0.8202214
2053-03-16,4.926626,2.5339065,2.8205423,2.6642413,3.0705686,2.021978,0.56500673,-0.007969856,2.527769,1.0432899,4.0492926,-1.8443589
2053-04-16,5.4224033,2.8212237,0.040071964,3.068141,3.4673066,2.3325987,1.9516716,2.740807,2.328475,2.672141,3.751059,3.0921674
2053-05-16,2.8538628,2.4401836,0.9544182,0.5144863,2.7107944,2.9922256,4.898629,0.3334961,2.4329462,1.2951221,3.074316,1.1334352
2053-06-16,1.5672941,5.9728518,3.8264713,3.8256178,-0.024762154,4.433855,3.9430275,1.9067526,3.2616653,1.1755085,2.9743729,2.2202606
2053-07-16,4.8648624,4.5860806,3.8941202,4.4293766,0.86776066,2.2429543,3.327919,4.189787,0.48645973,6.350219,4.6069946,3.3516865
2053-08-16,5.666044,5.501148,4.0227795,3.733714,3.1057482,2.895668,2.1601334,4.3862705,2.1844902,2.8079252,3.847641,1.3873768
2053-09-16,6.680398,4.608946,4.892535,2.8037348,3.226244,2.720996,3.671999,3.1426525,2.3006153,2.1825552,5.5159464,2.1955967
2053-10-16,3.8149014,5.071083,2.7908754,3.7321024,2.0910788,3.6623907,3.984908,1.672533,3.3094835,0.24371433,2.6082087,2.1623945
2053-11-16,0.9493756,2.6475205,4.816956,1.9095054,1.2026591,2.3868465,3.2898855,2.5022316,4.982147,0.61050606,1.7612801,0.47219658
2053-12-16,2.9022174,4.48714,2.7181313,-1.075566,1.2178164,1.1120181,1.4098916,2.9134264,2.0038247,-1.4032183,0.773901,-0.7193556
2054-01-16,1.561676,1.187362,2.5230856,0.92060447,0.21318221,2.3779974,4.968757,2.43791,2.9914503,1.382133,0.25584602,1.0585966
2054-02-16,1.5554085,2.3363945,-1.4373715,-0.27458048,-1.9991908,2.9052958,-0.22723913,1.4166024,2.043966,1.1330426,-1.3518991,-0.169981
2054-03-16,1.6761284,3.0718327,5.021292,2.0793386,0.4954157,2.5394168,2.0340252,2.4385576,0.6368079,3.209654,-0.80048084,1.1131353
2054-04-16,1.1718721,3.8085485,2.0885863,3.134406,-0.9565525,2.2990475,3.835373,2.0885882,1.9835815,0.35634184,0.42457056,-0.6090255
2054-05-16,3.7370234,5.699403,4.8697186,0.7748661,3.2401466,1.7343664,3.2073631,1.8124352,0.55681133,1.9911871,2.5091553,3.7485905
2054-06-16,1.0456705,1.8535614,2.7384396,2.6476831,2.0591393,2.905117,1.7302856,1.0395145,1.9575901,0.2745018,2.7066479,3.4090881
2054-07-16,3.1549988,4.0917854,3.360198,3.1150875,3.4707403,3.855629,5.1843166,4.7938786,3.137949,3.8427496,3.0110016,3.3484726
2054-08-16,4.8579597,4.18993,5.5845737,2.2317686,2.153226,1.6463718,3.8430672,3.9604778,2.7703419,5.529277,3.200058,1.8854694
2054-09-16,3.5460558,4.0519333,3.406087,1.0929956,5.533743,1.4656534,3.6396542,2.2120342,2.5493755,1.1461458,4.823392,1.4340839
2054-10-16,2.4440508,4.824792,3.2517548,2.5009851,5.2732706,1.5979729,3.127839,2.6451817,3.6704264,2.0306282,2.5433893,1.0661945
2054-11-16,3.534008,4.183436,2.8543487,3.5309634,2.2686086,3.811633,4.2113924,1.2197204,1.9195862,3.176787,-1.0720978,1.274024
2054-12-16,2.5362186,4.249783,0.5815842,2.62669,2.7878366,2.647594,4.8707666,2.6197567,1.6972351,2.9658566,2.387661,0.30233002
2055-01-16,1.7150421,4.361664,2.050641,2.1628559,0.31618714,2.217217,4.7588677,1.87531,4.147566,1.3856449,-2.675736,1.386847
2055-02-16,2.887567,5.723406,4.1043673,1.0573494,0.54623175,1.5527859,0.21435642,1.4982564,3.2211607,3.247706,1.9424448,0.6221738
2055-03-16,1.3359566,3.2131615,0.289793,-0.041345596,2.6915069,1.9259043,3.243394,3.8774867,1.6590238,0.042176485,1.512147,0.69496584
2055-04-16,2.3309584,3.4135118,2.0570874,2.5430784,3.4150605,-0.5660505,1.3978395,3.2339873,0.44040203,2.0804563,1.2051034,1.6033225
2055-05-16,1.8562689,5.0977182,5.1591263,2.4390182,3.085023,3.5399475,2.9723415,2.1115103,3.1868582,1.4165821,1.8007174,0.42890453
2055-06-16,3.4710064,3.1240435,4.850773,3.2884474,3.839243,1.5640268,1.8969402,3.7889872,0.91661453,2.223897,3.0177002,6.2417583
2055-07-16,5.7700024,2.7278423,3.0288057,1.1806927,2.3916178,5.2404137,4.241825,3.8772774,4.737362,0.85127926,4.5194016,1.6071148
2055-08-16,2.6903114,3.8083763,3.0772362,0.96903706,3.152749,5.157419,4.355379,2.8834534,2.6714191,1.0015774,6.1244526,4.433609
2055-09-16,3.7867212,4.536581,2.7583857,2.6217089,1.729208,3.6340685,3.9031067,3.003395,3.0944967,2.30064,3.9144335,1.5843163
2055-10-16,1.701601,6.3302355,2.8415852,1.6176262,2.55758,4.8475523,3.15619,2.9366398,1.9548006,-0.018790245,5.006303,3.5151415
2055-11-16,4.0032787,4.416739,3.3819919,3.4050374,0.821774,1.4755106,1.5552821,4.2983704,4.131213,2.4475923,3.933714,1.9753819
2055-12-16,3.1402612,4.527454,3.5421908,1.6149278,4.0492463,2.174995,0.7149558,6.081969,2.516302,2.772972,4.079788,0.6930599
2056-01-16,3.084362,-0.75557256,-0.78683925,3.8675473,3.4094522,1.3374925,1.1960492,2.0940232,4.3351464,2.9931202,3.6096401,1.7823501
2056-02-16,2.422688,-0.36160183,3.3995988,1.5390255,0.57492304,-0.27288723,2.7976804,2.8106906,2.9001806,3.4909692,2.0624156,1.9525776
2056-03-16,2.0375495,3.710814,0.8565254,-0.06097889,1.6177163,1.0018091,1.2791033,3.4517899,3.2677913,1.40889,1.7191882,1.1615152
2056-04-16,4.7385235,1.3736911,2.654511,2.355032,2.6409469,0.66448116,2.4107628,1.8206048,0.558671,2.6071053,3.4087605,0.72189474
2056-05-16,1.7612467,2.189044,3.1277466,1.9389477,1.972084,0.7204199,0.56752014,0.7504301,4.453891,4.023117,2.2488222,1.7361631
2056-06-16,1.5608473,2.9966784,2.4976692,2.3386726,2.3765821,1.9825764,1.8185167,3.633109,3.5031433,4.1751614,4.4109783,1.8325272
2056-07-16,5.1318264,2.938448,4.9703836,3.9387531,1.7512064,3.6111164,5.3238773,2.8326492,4.8480453,4.7994165,4.129259,3.2890186
2056-08-16,4.745531,3.9797554,5.7696342,3.8542204,5.1848345,5.259405,3.5438404,2.6250973,4.5890083,4.5300264,4.5866985,4.0522366
2056-09-16,5.7228346,4.3728886,5.3467493,2.0694113,3.4136982,3.7229033,3.9998436,1.2418404,4.373721,2.4325514,6.1106863,3.2891712
2056-10-16,1.5924788,5.393588,2.6555176,3.9283772,3.9614334,3.2922382,2.907999,3.0535192,4.6894455,3.3317318,3.406437,0.7007656
2056-11-16,5.312255,3.5750089,2.82482,2.9479356,2.9887404,3.976925,1.2978144,3.0687695,4.32195,4.6550307,3.7029142,0.104109764
2056-12-16,2.7130418,3.4029455,3.9300873,2.0492601,4.4789033,0.34984922,2.1219354,3.2361994,-1.4012756,1.1505775,0.5208268,1.4708228
2057-01-16,2.293017,3.453509,0.8481991,2.438728,1.3301742,1.9339242,3.8460932,2.260169,0.07022929,-0.7852824,0.38494492,2.2871695
2057-02-16,1.945899,4.836214,4.6323423,1.9155676,0.27931833,1.1476698,3.7085829,3.5627677,3.2456486,2.6445136,-0.89912915,1.2431555
2057-03-16,1.7721076,0.8499608,2.5828648,1.2546787,3.289164,1.2153788,2.9583583,3.3159766,0.86184883,1.6957858,1.8397512,1.5836573
2057-04-16,1.5986195,2.7530437,1.0202999,1.5000944,2.4349637,1.700777,3.7693462,4.392114,0.8861613,-0.89227295,2.2947946,2.0362334
2057-05-16,2.4303226,3.6287842,0.72834396,1.2008657,2.6420317,3.0716476,2.4906797,4.0720663,-0.046007156,4.903718,3.561551,4.259823
2057-06-16,3.146326,5.9214296,4.1054096,1.1179714,2.1054678,4.9919853,4.819086,1.981288,3.4980679,4.975584,4.5650463,4.7570877
2057-07-16,3.956602,4.381977,3.3370886,2.0264797,1.3034506,5.5725975,6.1950626,3.6238575,5.054514,5.5460253,2.9513435,3.8210526
2057-08-16,3.2491074,3.1835804,2.8859806,3.5739946,3.8971224,3.8604107,5.2992153,2.9529228,3.88805,6.2051096,5.212593,2.9767513
2057-09-16,5.272277,5.157337,3.0338755,4.5245447,3.657652,6.4070253,2.0857,1.5343752,4.349019,5.5889864,4.539567,1.5555325
2057-10-16,3.1137705,3.8847485,2.9330416,3.761075,4.4134626,3.2524872,1.2630033,2.6536589,2.1997814,3.23143,4.41358,3.432952
2057-11-16,4.0021286,4.7636247,1.3917198,3.6423469,1.6485705,2.0690374,2.3146534,5.2969503,2.1624012,4.7031837,3.9745245,1.6982069
2057-12-16,2.0929232,3.493425,3.088866,4.3376436,2.3303962,4.063595,1.5689678,5.162459,1.5923328,3.323728,2.9553394,0.6179881
2058-01-16,0.8262768,1.5345633,2.8602686,2.1410563,1.9300058,2.2532964,2.0641184,3.543326,4.600083,2.8441916,2.845666,0.3020873
2058-02-16,2.8489008,3.2370675,3.5070555,1.8648703,1.8581591,1.9548545,3.2181296,1.26672,4.0236816,1.9063306,0.92835855,0.10731506
2058-03-16,1.2087464,2.304326,2.758315,2.1642795,1.0673409,1.4442964,4.379668,2.99048,0.673326,0.008539915,0.47186613,-0.22118378
2058-04-16,1.5632496,1.9193244,1.4370761,1.8798428,0.65898705,2.0639343,4.0136013,0.69718504,3.9849396,-1.0703568,0.2669177,1.4863362
2058-05-16,2.849986,8.376798,2.9021235,1.9108877,2.9891253,2.1599665,1.9211664,3.0589418,2.4988651,0.94993114,3.561883,0.42724895
2058-06-16,1.2968798,2.7650805,1.7354746,3.3999453,2.3560228,5.8737392,4.13076,2.9205866,5.6866035,1.9002867,3.0483017,-0.7625847
2058-07-16,2.2066498,3.4574776,4.170892,2.7699509,3.0190172,2.5527592,3.8896694,2.938879,8.2699795,4.8085566,3.8532276,2.8480568
2058-08-16,4.2551594,5.8837852,4.944145,4.090701,2.6743097,2.5431194,5.4647465,4.8208733,5.9775944,4.8915606,4.2994537,3.143797
2058-09-16,4.909463,4.7949886,3.2607412,4.0998983,3.1123848,3.2466898,3.515728,4.187233,3.248416,1.726985,5.247197,2.0465126
2058-10-16,5.772047,5.995676,2.6452389,4.0162497,3.6280928,3.4331684,3.4367495,2.2339792,5.0243635,1.1898861,4.791603,2.1866016
2058-11-16,4.7338753,5.856606,3.3891015,4.112352,1.1136894,3.4298143,1.9605236,2.3841429,4.3324594,3.1013675,2.2313614,1.956212
2058-12-16,3.2699018,3.8348446,1.5772388,4.0071163,2.5109458,2.0041232,3.0779114,1.1625915,3.5750327,3.8319702,2.589447,-0.11998701
2059-01-16,1.2860479,0.5733521,1.8721867,1.8451788,1.5811746,3.3072853,3.8958287,-1.5081143,6.527846,1.6741486,1.4893737,0.18932724
2059-02-16,2.0435958,5.999283,3.5621045,2.316014,0.88547754,2.0166826,2.0929441,0.41208482,3.7491376,1.4409318,-0.7173927,1.8832603
2059-03-16,2.3091779,5.1010156,2.0927968,3.2305675,3.642222,3.2624674,2.2312622,1.7194085,4.8474846,1.1591523,1.9412737,0.3027525
2059-04-16,4.39046,1.7222438,1.9475598,0.99979496,1.6158719,1.1931486,3.871974,0.83658314,2.172165,4.094102,2.9967284,0.8869071
2059-05-16,4.31285,2.9880486,2.4644928,4.8104944,4.5698376,1.0953474,0.6505594,0.10058403,0.8447561,2.1344843,2.531083,2.419036
2059-06-16,1.9151754,3.2253504,5.0938606,4.0533056,4.13393,3.7296352,1.5556374,2.012393,4.129877,0.8728504,2.0631523,0.2701788
2059-07-16,4.654003,3.2105484,6.5435953,3.6188374,4.5454206,2.5721169,4.944439,2.582531,3.0571346,4.9270296,3.847746,1.8428955
2059-08-16,4.320236,4.1947117,5.9299793,4.0729055,2.2949972,4.0162296,3.824688,2.0564919,3.706318,2.9461412,5.1630936,3.399786
2059-09-16,6.015273,4.8406277,5.486127,3.9753275,2.6534557,3.2791357,4.749546,2.6615582,5.4900713,1.9747429,5.2767305,2.4039898
2059-10-16,3.2887259,5.292985,1.9778681,3.4580097,3.7976294,4.340766,5.1368723,2.8376646,5.610525,3.9718237,2.2766714,4.072068
2059-11-16,4.375577,4.2276816,2.0979018,4.2259297,1.8222632,2.3516264,2.0918274,4.4443645,4.7993402,2.992782,1.2062397,0.45737743
2059-12-16,3.3417315,3.9675708,3.5775669,1.3275185,2.5874162,1.6646533,2.8884811,1.8100395,3.3118248,2.9343438,2.3863935,3.709086
2060-01-16,3.6587152,4.948186,4.6131725,3.019204,-0.10571933,3.1703258,3.4925618,1.5101552,2.0193334,2.665791,0.9241152,1.2445292
2060-02-16,4.132008,3.7813199,-0.40956712,2.7077744,1.0871339,4.066493,5.2402024,2.7185118,4.1731415,1.7320743,1.1012287,0.23308325
2060-03-16,2.8275485,1.225812,2.9150796,1.8975725,2.7661939,1.8229537,3.745534,0.8884363,2.3411508,0.56840396,1.9539132,0.43623877
2060-04-16,3.7211056,2.1517463,2.963799,1.2181883,3.5919032,1.9093132,6.1033106,1.047246,0.6273036,1.381887,2.3806882,-0.1518507
2060-05-16,2.4552937,2.2784214,1.2082739,1.022789,4.5344687,1.9413815,4.6673374,2.5363855,0.80644035,3.9337769,2.401597,3.690937
2060-06-16,6.3968067,3.7386675,2.3401537,3.2972403,2.4206734,4.948015,3.1320877,3.5838957,4.218298,1.1957159,6.917618,3.8642998
2060-07-16,4.943882,3.4498444,5.203679,5.6576233,2.751111,5.633211,3.524067,4.3240356,5.9970093,2.0930147,7.0373783,1.7653332
2060-08-16,6.6730576,3.681923,4.3210793,5.119687,2.1005735,4.344288,7.123188,4.2650585,5.215391,4.8584967,4.017147,3.5310497
2060-09-16,5.255698,4.176714,4.0203276,5.0939913,1.4475088,4.3685827,5.372923,2.608242,2.6866274,2.287778,3.7751532,2.8847294
2060-10-16,2.6820955,3.4081688,3.7531633,4.135416,4.4145956,3.055995,3.8364058,2.1706724,4.166992,2.727972,3.3957052,2.4185104
2060-11-16,1.3286581,1.9226689,2.3807254,3.2668767,4.4868655,4.644512,2.1855888,1.4285736,4.163946,2.23322,2.8147087,0.8704643
2060-12-16,-0.28979588,2.9772081,4.1704493,0.9231105,1.5607829,2.1904163,2.6789994,5.410854,1.85921,2.9001913,0.37146807,1.498774
2061-01-16,3.0174422,1.3670652,3.9981747,3.0708997,0.8838966,0.8671808,3.8864212,3.987451,2.6074185,2.4069152,2.4294991,0.9725485
2061-02-16,4.413605,-0.31451797,2.7787092,2.5645854,-0.4234016,2.032413,0.90408564,3.6070116,1.9064939,1.3710356,2.4272952,1.9504523
2061-03-16,2.1875443,2.1065755,2.5856338,1.6819482,1.2232337,3.2197323,0.53026295,4.1572003,2.0272985,0.7250593,1.1665654,0.6305208
2061-04-16,3.0383263,4.0855126,3.2261214,2.9659367,-1.6736436,-0.15743923,1.4238262,2.6047082,2.605874,4.413577,0.93154,4.1320224
2061-05-16,2.187624,2.1923304,5.739251,0.88722515,1.797348,2.0529356,0.5891371,2.776597,3.8427382,3.3713226,4.4695873,5.817257
2061-06-16,0.5143337,3.2594595,4.465252,3.3308115,2.4369497,2.3421574,5.458454,3.1245832,5.005453,1.039094,2.99971,7.6465263
2061-07-16,2.8893719,3.6692066,3.8783026,3.5123272,2.7753363,5.763937,5.1178455,3.2064514,3.1591454,0.95190716,3.6560268,3.6215992
2061-08-16,2.936863,4.982828,6.0365887,4.249915,1.7759314,5.269127,3.6732845,3.3857918,5.7403126,3.1681013,5.7209644,1.8270626
2061-09-16,4.092229,4.431679,4.5097723,3.1938562,2.241232,3.3209963,6.2867928,2.2744083,3.71523,2.8904648,5.979331,4.176363
2061-10-16,6.1457186,3.7358055,3.698783,1.9587708,2.3480139,3.7697897,4.249674,4.210722,5.9877234,3.4453506,3.0095682,3.7872047
2061-11-16,3.3187218,4.293959,5.0856004,2.2265162,0.55584097,4.001628,6.571604,1.2142496,4.8641987,2.9988685,0.995842,1.6246996
2061-12-16,4.272142,4.9301753,4.08515,2.9587288,3.252438,2.9481773,1.4458389,2.7160559,4.8373013,3.0379944,1.8013039,1.551341
2062-01-16,0.7355404,2.7719586,5.620242,1.5530345,-1.1000552,0.7842841,2.7054524,4.0394144,4.8513575,2.429618,1.4163289,3.1955547
2062-02-16,2.2844505,2.1480205,1.1226823,2.1183813,-1.2222197,3.9895134,3.9467921,3.2491348,2.984954,2.4237785,0.95330095,1.2119017
2062-03-16,2.8605704,-0.4375639,2.3081384,2.898745,1.2079482,2.0063624,0.9879036,3.8565784,4.658904,1.4476168,0.1408081,2.4999013
2062-04-16,3.8372803,1.321526,3.4491992,2.1754465,4.263537,2.4831753,3.392992,1.8947902,3.6955996,2.170659,0.40082693,3.9456124
2062-05-16,1.1881218,5.2749367,3.8010988,1.6928701,3.691061,1.9007187,1.7226667,1.1121778,1.9721928,4.353424,-0.9618988,6.173464
2062-06-16,4.5267525,3.6196642,4.3752537,2.1635895,3.677719,7.011078,2.3460217,4.119239,2.5757656,2.2163925,4.2595463,4.3014374
2062-07-16,4.5924206,3.5234814,2.989911,5.3684216,3.869979,3.0170097,2.9506092,6.030506,4.893799,2.2750044,3.6147614,3.9583817
2062-08-16,4.5450916,4.0564365,5.398512,3.018281,6.2708063,5.4508266,5.8057003,6.237219,4.3706894,3.842679,5.2006035,3.3389168
2062-09-16,4.671111,5.888691,4.792533,2.2625456,5.0868187,5.1870832,4.902937,4.944826,5.182744,3.1679363,5.6055403,4.1990986
2062-10-16,4.418602,4.334486,3.3348274,3.991395,3.337677,6.6195507,2.688282,3.9240131,5.057619,0.53709316,3.8308477,2.248478
2062-11-16,3.1093197,3.960155,5.1566243,3.0451436,4.462609,5.288023,2.6075315,2.7669954,3.474123,0.71402645,1.6841736,3.8683167
2062-12-16,1.0698438,4.5514855,2.59041,1.4885864,3.8603096,2.8482227,1.613852,4.1465573,2.9316998,2.2613835,0.27988148,2.4101768
2063-01-16,3.4065309,2.620612,2.0009952,2.9559963,0.6559098,2.3676891,2.408433,1.0426168,3.3652267,1.0395808,1.4834213,1.354929
2063-02-16,-0.66303873,-0.0426445,2.4073117,4.1779013,1.631175,0.86809254,3.5366397,-1.1669416,2.8045352,3.2403178,3.9821663,1.4940338
2063-03-16,0.7197075,4.019836,3.1920862,3.910997,2.4418464,2.0936346,1.9319067,3.3597503,0.19220161,1.4741595,0.06132412,-0.27541542
2063-04-16,2.4249668,3.1308951,2.8741403,3.2750158,1.2737732,0.9477701,2.4218445,3.7738318,2.338808,1.7884126,1.0320315,2.2925706
2063-05-16,1.6319847,3.563404,2.195879,1.9030514,1.7958393,2.5567808,3.3467999,2.0151596,4.6928806,1.5501738,1.5457764,3.7404518
2063-06-16,5.696537,2.9392576,1.0689487,4.111575,2.496008,8.052153,5.6833897,4.5110483,4.383404,2.697997,3.978922,4.116335
2063-07-16,4.6693344,4.7495975,4.882041,3.5224323,3.0889654,6.213005,3.2582054,2.5056458,5.183502,4.084996,3.7148228,1.972477
2063-08-16,4.7468796,6.199398,3.2308006,5.1022596,4.405774,7.394285,6.7035522,4.575142,8.320332,4.4165716,5.185322,2.8036518
2063-09-16,4.9854097,4.0293846,4.5938807,3.0417337,3.2426167,4.583537,5.8228836,4.1456623,4.688216,4.2391996,4.0806074,3.85672
2063-10-16,4.296399,3.8908272,4.1030407,4.1422997,4.7695,3.7972345,5.828911,3.9637423,5.6433296,4.6222887,4.4284115,4.681097
2063-11-16,1.7573233,4.4001794,1.801189,4.941296,1.4958324,3.4595442,2.5538616,0.49871874,4.864112,2.9016652,3.1694431,1.0676756
2063-12-16,2.1135569,3.5255256,3.3360088,4.2342577,2.7641015,3.8193989,2.108159,1.4738212,1.5542531,3.7241445,1.9476662,3.565948
2064-01-16,4.095756,3.9097588,4.1612287,4.5626745,3.0806592,2.7045903,1.9779162,4.3877892,2.8902364,4.8172517,2.3714962,0.21205807
2064-02-16,3.0634546,2.2671173,4.428851,1.7216847,1.0969834,1.9735045,-0.34495306,3.5892212,5.3406334,4.123591,1.5661869,1.6156921
2064-03-16,1.8141556,3.1528344,3.9161744,0.38628006,3.9055715,3.1508121,2.8556595,2.5010056,1.0753188,1.5540688,1.6352997,1.2858968
2064-04-16,3.0305347,0.13571787,1.8872447,1.5056248,3.799317,2.4557676,-0.29082584,2.267016,3.8302412,2.8258,0.51647043,0.45110178
2064-05-16,3.9411097,5.7692585,2.9577436,1.3552704,2.2481842,2.4430323,1.5472937,3.0563498,4.4065847,1.6121311,1.5084524,0.7730875
2064-06-16,2.7771873,5.029332,4.999407,2.4958334,4.5354557,4.338173,4.0505886,5.1262693,2.740965,4.194557,4.923279,1.8122711
2064-07-16,5.252842,7.1230984,2.627984,5.9224377,5.1800127,6.191269,3.4283009,3.0319977,5.334036,1.7045488,5.635456,3.385954
2064-08-16,4.306158,5.119789,6.6920853,5.0071917,5.262477,3.270052,6.104254,3.426342,4.8001614,5.8200216,6.031782,4.042412
2064-09-16,3.1613913,4.8067703,3.56635,3.0540972,4.787527,3.8767214,4.866331,3.700924,6.1333914,5.0665693,3.6035662,2.38344
2064-10-16,4.1225605,5.3099985,4.5188255,1.6670885,3.0111961,3.5716257,4.5263014,2.3845396,6.2470865,1.9677954,5.487135,3.9435053
2064-11-16,4.105219,2.8817945,2.9611268,3.3928065,3.5823283,5.4208717,6.70551,4.032565,3.5415878,3.2302918,2.6817036,0.27095032
2064-12-16,3.1122317,3.1258497,3.8845322,3.7806911,2.8247595,1.7113509,5.877404,3.2753897,1.2930455,2.547195,3.8790913,1.9191828
2065-01-16,1.5627937,1.0124424,4.2061243,4.027261,2.9023874,2.5910935,4.074237,1.3788395,3.5981903,2.4059858,-0.57148933,-0.18015003
2065-02-16,1.6859951,-0.6246762,1.1769073,0.769017,1.3241186,1.226274,1.9569373,-0.4503038,4.1854525,3.7500267,4.690714,1.2363629
2065-03-16,2.7327547,3.2790236,3.8248305,0.060334682,1.7167683,2.9552393,2.897138,3.2107906,1.1743674,2.8131511,3.2040586,0.6679945
2065-04-16,0.11488438,1.8602519,3.375565,2.043624,0.030550003,0.7531347,1.9429617,2.259294,2.8852444,0.59734344,3.0296102,-0.5405369
2065-05-16,2.0586948,4.1753874,3.4712057,4.302806,2.3916712,2.434166,-0.16708183,3.058753,2.9750757,1.1370039,2.9723577,4.4009027
2065-06-16,0.9718332,3.5046797,5.9810333,3.1485128,2.7808886,8.561045,0.44667244,2.4228506,4.359949,2.235713,3.951889,3.0274696
2065-07-16,4.2776527,4.63509,3.049161,4.606022,5.066205,6.9671288,3.4278622,3.296175,6.745138,0.5443802,5.3851585,5.980028
2065-08-16,3.9948692,4.0569096,3.4036083,4.214032,1.8609533,5.9963837,6.7396584,4.3732643,7.4315853,5.2276926,6.7372646,2.3674355
2065-09-16,5.1440516,2.978301,4.3729887,4.3841295,2.3012724,5.342082,3.9670353,4.0375233,6.79049,4.6800947,4.758033,5.281311
2065-10-16,5.17844,3.6860561,2.7247744,3.841094,4.2523174,5.284192,5.804406,1.2801275,6.775651,4.9124594,5.2141323,3.654604
2065-11-16,2.8826647,3.0596519,1.9062667,2.5151,2.256168,3.5215073,2.7291555,4.0132494,2.4554405,3.424252,1.3071108,1.8449268
2065-12-16,4.114407,3.7387986,1.548168,1.6022439,3.6110072,3.678279,2.8386912,-1.840056,2.9325938,4.407191,2.1924338,4.466933
2066-01-16,0.51578903,4.52637,4.408587,0.37136102,0.8493011,-1.0680926,2.729546,0.065647125,3.103117,2.4072552,2.3552122,2.4981413
2066-02-16,1.1979647,4.144911,1.4342473,3.2668717,1.8056574,1.7635951,1.0290809,0.42264056,3.014272,2.2896075,3.183125,4.5600605
2066-03-16,1.8339677,4.6872945,2.1703978,3.3254714,2.4105096,2.2853804,2.8029275,0.121974945,4.210186,1.0120342,1.7667103,1.2969689
2066-04-16,-0.40683937,3.3254209,3.881105,0.3762598,1.2825298,2.0722723,5.3752375,1.0598569,4.0755663,2.356554,1.8774886,1.7532268
2066-05-16,2.181467,5.218096,5.948722,0.9889879,4.3059015,1.3213139,4.1936646,0.9971638,2.4486818,0.010209084,4.9947824,4.380024
2066-06-16,2.8063736,6.4361124,3.085596,1.222642,2.67198,1.1341124,5.217991,3.6947374,4.607641,1.8712845,6.1069794,5.4853363
2066-07-16,5.580496,4.3750954,3.1270285,2.6849651,1.3556147,4.8401375,6.027855,3.8382187,6.13595,2.6810389,6.2912617,6.227421
2066-08-16,7.249262,7.0654755,3.6236267,4.6027803,3.5500345,3.5938034,3.1731262,2.428667,7.161703,3.5478487,4.7279835,4.7263565
2066-09-16,4.7348127,6.280998,4.3298845,3.237174,3.8998623,3.8074808,5.0036163,4.320734,5.1962423,1.8800535,5.191943,3.5796337
2066-10-16,4.190074,5.2075014,3.7146454,0.63663864,4.3774004,5.6502867,4.1363916,1.2783537,4.634302,3.8758078,3.1680603,3.7629757
2066-11-16,1.8748074,4.63705,4.235725,1.6181035,3.9235778,3.158924,5.4643164,1.4217262,2.8032694,2.160595,3.116891,2.6129065
2066-12-16,1.9240799,5.469726,5.778535,1.63446,2.141314,3.3786354,4.3355007,2.703148,3.020463,3.9417791,1.3819361,-1.6781859
2067-01-16,1.7910838,3.2499373,1.6902523,3.3856518,1.69192,4.1436405,4.3179097,0.5253372,3.240005,2.8905025,2.2244701,1.6767969
2067-02-16,2.2161613,4.2298603,0.0172503,4.0726233,1.814363,2.2075667,2.086833,0.7853606,5.96157,3.417326,3.4153376,1.6741786
2067-03-16,2.1492586,4.6209083,3.0885525,3.5602546,1.5148034,2.957777,1.6177669,1.03617,1.1031814,2.4921877,0.80310154,2.3833642
2067-04-16,2.9768438,4.5887303,1.6145816,1.9747,1.6329074,1.7846098,2.7347822,3.1247773,2.5985136,2.210671,0.83159304,-0.042709827
2067-05-16,3.0358295,3.7934294,4.9568014,3.6555977,0.8437433,5.5841684,1.0092411,3.355836,0.91101265,4.090128,3.1880531,3.01301
2067-06-16,2.9545403,3.9483137,6.6366997,3.9323263,1.8190842,4.701668,4.2671604,3.526906,0.49449825,5.1243954,6.6156483,1.1331844
2067-07-16,3.7857552,3.8535213,2.0342398,9.056736,3.1120634,4.7262974,4.618202,3.7583294,5.5707016,1.6785135,4.6741867,2.8887596
2067-08-16,4.366253,5.5749416,4.6541023,5.6405077,5.2769556,4.3065796,5.778614,5.6071587,5.6988125,4.6941195,4.8603935,4.032671
2067-09-16,5.421571,5.2533684,4.0113783,5.6036615,4.761427,6.061755,3.3802204,4.147434,3.5260382,2.9671154,5.8430185,3.122549
2067-10-16,4.1704865,5.664528,4.5990677,2.9614477,3.91722,1.5227118,2.9069834,3.744998,5.0491953,3.1677856,4.838645,3.2661057
2067-11-16,2.6293573,5.3444524,5.352986,4.145436,0.3820896,4.0181284,1.988389,2.8848743,2.6136208,3.2389302,3.8200474,2.7512627
2067-12-16,5.2330127,4.6755233,3.168783,0.9176965,1.2240458,1.8826294,2.8487663,4.9703517,5.0701666,2.135376,2.4164748,-0.005487442
2068-01-16,4.080273,3.3174465,3.7621007,2.6773727,3.5838258,3.9552212,3.863307,4.0310764,4.406714,2.998703,0.81634426,2.361364
2068-02-16,1.120235,5.3225937,5.131198,1.9124515,0.75430584,2.9022155,3.3842616,4.7575607,4.2681484,4.386171,2.1977239,1.0654187
2068-03-16,1.2108092,2.7962074,1.0401812,2.0205283,2.9784827,3.5832243,2.332315,2.2610135,3.6235523,2.0081623,2.3504705,0.7892451
2068-04-16,4.0927935,1.6335969,4.358171,0.6830721,1.890141,2.710555,3.90489,1.6535068,1.0232253,2.090197,1.7531381,3.4413276
2068-05-16,4.062046,2.498169,4.2284536,3.344902,2.3686962,2.1728086,2.4082146,1.7439795,3.6309233,1.7382298,4.704748,3.0050983
2068-06-16,3.1290379,2.2369156,6.0657597,3.6031618,2.6502094,5.6652164,4.908964,2.8460932,3.5627918,3.3572035,5.457903,2.4214153
2068-07-16,4.193535,1.695591,4.520398,4.677099,7.458062,5.980734,4.2243156,6.1213684,4.856596,1.97367,4.547716,3.51923
2068-08-16,7.37018,3.8211613,5.281893,4.1066847,6.5886316,6.432289,6.519453,6.512905,5.6900406,2.815236,6.041111,2.4557648
2068-09-16,6.0586786,4.742813,4.4310045,3.6002855,4.058037,5.328038,6.3650684,3.6754017,4.099969,3.2754402,5.6503572,3.9887447
2068-10-16,5.3326626,5.389435,4.7502003,3.2648811,4.469241,5.6676254,4.885969,6.3670216,4.398144,1.5037899,4.149783,1.0789175
2068-11-16,3.1094637,6.448384,6.2690415,2.393333,3.3378205,3.8496704,2.4471588,1.4611416,3.074502,2.0823565,1.1229048,1.5517511
2068-12-16,2.8472118,2.84937,4.453392,3.8770618,3.484942,3.6500568,4.353799,4.4166617,3.7192926,2.353651,-0.52454424,1.5192919
2069-01-16,2.098125,2.8793266,2.5557914,2.2292001,2.4908254,3.3774438,1.7975168,3.1221719,2.9510283,3.9580593,4.7354507,-0.037223816
2069-02-16,1.272841,1.2678783,1.7154047,-1.3419111,1.1771488,-0.3650856,3.1513367,2.521076,3.8455188,2.353269,-0.02512741,2.2588177
2069-03-16,0.59087706,1.1605897,1.7327518,0.94162226,1.9649854,1.1291604,2.6244926,2.2627025,0.47084856,-0.12424946,2.3066692,2.577354
2069-04-16,2.429412,0.86833954,2.6358542,3.7141514,4.675072,-0.3564129,4.5109034,4.6123977,4.660116,3.506691,2.0038066,-0.10776186
2069-05-16,3.706256,5.748719,3.2478352,4.4277153,3.8336744,2.8606634,4.640195,1.9789772,3.711875,5.0096664,1.4203329,2.4516602
2069-06-16,3.9513931,4.573827,1.9287319,3.1536531,5.5120068,3.5695686,4.437063,2.6319742,6.2425404,4.0435524,1.495388,2.4102917
2069-07-16,5.3122177,3.1114578,4.7253027,2.706747,5.0083075,4.514326,4.0918617,4.838421,7.6266346,4.6713953,4.7315655,4.4733715
2069-08-16,4.862337,5.5075836,5.1189785,5.30268,5.0760717,4.7314663,4.54727,5.8258457,5.967022,4.0235395,5.932579,4.993927
2069-09-16,4.1358614,5.055027,4.676709,4.2747164,2.4697523,3.9176817,5.1677284,3.491167,5.454467,1.8875608,4.5197344,6.9123898
2069-10-16,5.616927,1.2358255,3.4412127,1.9359827,2.0361986,2.245945,2.761197,3.529913,6.3046265,-0.8823271,3.2173376,2.342122
2069-11-16,5.812977,1.6578183,4.182036,1.9108977,3.0539546,3.1266441,4.434473,4.8179264,2.1839037,1.3511186,1.9938097,3.9521027
2069-12-16,3.8429694,3.3383436,1.5961921,2.8592262,1.7370815,2.9806232,4.0867968,4.4182696,3.7328892,2.4938288,3.1791658,1.7462106
2070-01-16,3.0945096,4.74765,3.2060843,2.9676225,0.9848335,3.8113317,2.843902,2.9066796,4.8751564,2.92662,2.2315502,0.07341719
2070-02-16,2.0432844,3.1580498,1.4151313,2.6103342,2.803831,2.6234183,4.1516232,2.5655472,3.123082,3.3955908,4.51756,-0.53942966
2070-03-16,2.0511146,1.779531,2.6462073,2.4773936,2.7539735,2.6198559,0.90501976,4.120645,3.3726559,2.0277183,2.4759798,1.1297622
2070-04-16,0.59761906,3.4825158,1.1433077,0.058783054,1.3845782,1.4666967,2.806056,4.2922177,4.372546,3.6825323,2.8407397,2.3474326
2070-05-16,1.4682236,3.8055477,3.3909998,0.81493664,4.1686563,1.9699965,1.7764387,4.7405434,3.7485352,1.8413391,3.0942736,1.3313599
2070-06-16,2.544342,2.607562,2.8614788,5.620242,2.6304646,4.2185574,2.8192635,4.4118853,4.1750164,2.9634714,2.2440186,3.6647243
2070-07-16,6.4072323,4.5773773,3.712655,4.963478,1.5502615,6.3774796,6.0310345,4.967554,4.7983456,3.6860685,5.5708675,2.9345665
2070-08-16,6.4306297,5.2588253,4.1492863,6.493594,4.7306795,4.465763,5.548208,5.952381,6.7862854,3.2754698,5.0220127,3.4204254
2070-09-16,2.256486,4.806099,5.0160513,4.4913397,4.8401737,5.4163427,5.71574,4.2322464,4.597543,4.284726,5.450326,3.6608162
2070-10-16,3.2561865,7.066596,5.1152725,3.8108625,5.472707,1.7491922,4.046891,5.0755196,4.8104343,3.53446,2.339675,4.045019
2070-11-16,4.1666164,4.8549304,2.5242295,4.2933345,2.4118905,2.6197004,5.645319,4.858448,3.4005375,3.255136,3.9558296,3.6563435
2070-12-16,4.1080985,3.5867553,2.8160388,3.870265,4.8672233,2.811946,0.48503208,4.384151,4.932274,4.6116376,1.927433,2.2171216
2071-01-16,2.590199,3.782338,7.0513887,1.6907337,2.8224432,3.8862581,4.202406,3.9292092,4.44839,3.755869,1.5247703,1.5319562
2071-02-16,1.0628376,2.6740968,5.675293,3.5857604,2.7408862,0.6391983,1.9553022,0.028854609,2.7967098,4.2889376,2.3511972,-0.49064636
2071-03-16,1.6048713,3.3598118,5.4360833,2.8593946,3.0265265,2.683939,1.9575558,3.8683295,3.3068452,-0.90506387,2.3687172,1.1122351
2071-04-16,1.4478836,3.4895024,4.1276374,2.8327188,1.2105474,2.8784084,5.9520597,1.8866944,3.9597101,3.1698084,6.126077,3.7747436
2071-05-16,2.885849,3.464324,2.465517,4.8976116,3.100586,4.6928377,2.8537226,2.005188,5.772275,4.8033524,2.2585783,4.4273663
2071-06-16,2.3072548,7.0888987,3.6021729,7.0755796,2.6957846,5.601082,5.650648,4.3285513,7.304102,3.571581,4.999504,2.8448257
2071-07-16,1.6172848,3.655777,6.0872145,5.5437336,4.311902,4.643162,5.140436,3.0145607,7.8344364,3.504796,5.6468697,3.7603645
2071-08-16,4.1529408,5.4194145,8.817997,4.9863844,4.075568,4.3775845,7.5771217,4.6170864,6.434267,4.2135305,4.610714,4.1469803
2071-09-16,5.6027975,5.545351,5.7374544,4.3683653,4.1954155,3.3758192,6.706373,4.419426,4.575694,6.0399027,5.3052263,2.7304916
2071-10-16,5.82955,5.3345127,5.7695217,4.2871895,3.1030912,2.9615269,4.9851,4.0116663,4.9016266,5.4362774,1.74963,3.4694834
2071-11-16,6.8290014,3.1786265,4.165013,3.5588832,2.9996037,4.645385,4.5183706,2.7376547,4.540536,3.5594392,2.9128122,3.9864473
2071-12-16,3.9394403,2.2519383,3.3623316,2.4682283,3.58961,2.9819021,2.1959305,1.6594687,4.0951405,4.8488374,2.442717,2.5797162
2072-01-16,2.434885,3.4666526,6.230277,3.8799284,2.2500865,0.07177353,3.2773743,3.3002095,3.4225602,1.9834738,1.1204147,0.997139
2072-02-16,3.488379,1.0714967,5.7619934,4.560193,2.2477288,2.0800595,2.1526403,2.384072,3.8347886,3.3628278,2.012444,1.2209134
2072-03-16,2.5239353,5.0239635,4.426806,3.3900943,2.7408042,3.5806446,3.8620663,2.537994,4.643955,1.1086943,1.6550875,1.8145366
2072-04-16,-0.48943615,4.2374873,2.344562,3.0003395,2.4995494,1.8427582,4.2698393,1.2705646,3.711896,0.9878869,2.105311,0.22444391
2072-05-16,0.62392426,3.4136305,2.6992102,4.837908,3.362646,2.1555662,4.312668,2.1523228,1.5676022,1.1636162,2.8569899,0.20357704
2072-06-16,3.1427574,5.1913195,5.817236,6.7915106,5.9633617,2.4507427,5.62158,3.9049692,1.6568317,3.7174778,4.6414986,3.3690662
2072-07-16,5.2579613,4.571642,5.11823,7.7197266,6.6495085,4.91115,5.8538837,5.048481,5.2414837,1.3821096,8.450024,3.2480412
2072-08-16,7.3595734,5.684557,5.238722,6.0948305,6.2998724,6.5943966,6.3681126,7.622055,4.81814,4.7495337,6.503956,7.366211
2072-09-16,4.7828054,6.3690033,3.9198084,5.7576647,5.94326,3.2930079,6.5265446,5.075779,5.268016,5.1111193,3.631938,5.4737587
2072-10-16,6.1331186,5.394717,2.9258442,4.8219547,5.636614,5.0885687,6.3776636,4.485675,6.461911,3.321968,4.364827,3.9737148
2072-11-16,4.550845,4.3602786,4.618734,1.752995,2.5308223,2.142334,5.0870953,2.8381023,5.6099567,3.9627576,4.436495,3.4439716
2072-12-16,1.8889832,4.1608033,4.568798,4.5681086,4.918588,1.7978692,4.692568,2.7816992,5.0163155,3.4139214,2.3748946,0.3726735
2073-01-16,0.5513611,1.2631524,2.0957017,4.2751675,3.1033218,0.7907829,2.6028762,2.5250506,5.2515397,1.966073,2.937202,1.661696
2073-02-16,2.0712576,6.3629274,2.8380945,4.7205496,2.9380064,0.6910925,4.350245,1.7777908,-0.6966605,1.2623212,2.9602175,1.3780465
2073-03-16,4.954314,4.9383197,4.3907046,2.5017033,2.215197,3.6403399,3.165988,3.6168313,3.2837648,2.7799757,1.9086099,4.663097
2073-04-16,0.90524197,5.135226,3.444138,4.1072655,1.5004611,2.0555944,2.9846115,4.289883,3.2047424,4.7949686,0.19230413,0.6020026
2073-05-16,3.0364666,5.152934,3.2193604,3.1657104,2.8201685,4.585458,5.476123,2.9530716,5.323353,8.31137,3.7492266,3.9048796
2073-06-16,4.478592,1.5262165,3.010521,2.4368963,5.3141365,3.2865925,3.5172806,3.389804,4.7425766,3.4991436,6.8379917,1.1839428
2073-07-16,3.7544994,5.0065937,3.7019682,4.8597145,5.466525,2.8790607,4.8555183,5.0905113,4.731724,2.1675787,5.3144207,3.4975796
2073-08-16,3.935381,6.29723,5.6024933,6.626033,3.0645094,4.82304,7.1923313,5.6119556,4.840452,5.833354,5.421982,4.3571854
2073-09-16,2.946,5.5650883,5.176036,4.826329,3.6143913,4.400712,5.650078,3.86689,5.5757475,6.491023,7.050311,3.8952503
2073-10-16,6.9360714,5.27944,4.900728,4.4784374,1.4884291,6.4968796,5.7136307,3.7746143,6.3896284,3.8915634,4.325886,5.766205
2073-11-16,5.1464853,4.361528,4.50106,4.269795,2.8725486,4.8653154,2.3795033,2.4644861,1.9283752,3.2594018,4.9177065,3.342474
2073-12-16,0.769712,3.1803188,1.6045558,3.7979126,3.423543,4.8887835,2.4177685,4.6486516,4.468829,4.7717543,2.5707512,2.2855868
2074-01-16,1.3475404,5.688163,1.0993216,2.276498,0.876879,4.857479,5.456615,5.2279983,3.2025232,3.7965055,0.6369109,2.9557633
2074-02-16,3.0024176,5.184026,4.0738087,4.4552355,1.3627815,3.9744768,3.377377,3.6355255,2.5466883,2.5107765,2.3470554,0.11505222
2074-03-16,2.8646488,3.4895024,5.5485682,3.581798,1.6424403,2.489771,2.0575461,4.504743,3.4332128,1.2117374,0.4276123,-0.2989726
2074-04-16,1.6266327,3.346188,2.9225078,0.9387493,2.8499484,2.2094326,3.2128744,3.455463,4.47558,3.5902662,2.5796466,2.303595
2074-05-16,1.60285,4.9330482,3.1383448,4.676443,4.0372095,4.8140697,2.7487488,3.1658726,1.4479876,3.067793,0.310174,4.28786
2074-06-16,3.746338,3.3088617,3.2658272,3.0040388,5.1172676,4.178314,5.197569,2.206376,3.526186,3.2081242,5.374298,1.5676994
2074-07-16,6.109886,3.870613,4.391345,6.2005234,3.0943537,4.8753357,6.5346737,4.193676,4.3292522,3.2292776,5.753395,1.2925491
2074-08-16,4.2553864,4.741438,6.7863293,4.1399813,5.070695,5.395191,6.9602394,3.6395836,7.4587784,3.5116053,6.52668,4.900139
2074-09-16,4.9960146,4.094841,5.91142,2.3701715,3.2015076,4.300151,4.9812336,3.6129742,6.7040453,4.376506,4.4565783,2.429943
2074-10-16,7.320917,3.9925518,3.409789,3.417657,5.262908,7.2144203,4.3427544,2.9020634,3.9776945,5.102811,3.8170853,4.3914204
2074-11-16,2.8711424,5.43835,4.6234527,4.4704404,5.14253,3.961915,3.6633568,3.4843674,4.0455494,2.8230672,3.7375822,3.048317
2074-12-16,2.8694258,4.6028275,3.4986413,3.8612518,1.6134849,2.9737968,3.1358213,3.7702842,4.4625273,4.18089,4.2872,2.7980247
2075-01-16,2.121251,5.230031,5.17706,4.802285,2.1901295,1.7923832,2.2714896,0.38471317,3.4109802,3.3414683,1.716588,0.19563627
2075-02-16,2.7036395,3.5795395,4.6792192,2.7407734,2.139422,0.5237651,1.2423897,1.3042939,3.707606,3.0516348,3.7764301,1.4321828
2075-03-16,1.3265963,5.1175475,5.0492625,2.9569583,2.599896,1.3475103,5.2312107,2.8876462,4.59636,3.4553182,2.889061,0.075834274
2075-04-16,0.13181353,2.8993335,2.9307303,3.0277643,0.13390493,2.8025618,3.4488955,3.7418914,1.6699591,4.258642,1.5002103,3.310637
2075-05-16,2.884636,4.871299,5.969207,1.3569145,3.1330996,3.3854113,2.8653631,3.021141,4.2145376,3.1734228,3.528943,2.5088081
2075-06-16,2.4879875,2.0474825,5.5147552,4.3545885,4.654703,3.7304955,5.7109737,3.7626657,3.813509,3.5276299,6.9316883,0.656003
2075-07-16,5.146641,5.623184,7.714011,4.946741,5.463359,5.816206,4.414835,6.163975,8.185423,4.983865,6.7131805,3.2557583
2075-08-16,5.164343,7.96426,8.823359,5.146306,7.0245256,5.7775764,7.906254,5.743292,7.101156,3.9411383,6.8295097,4.0530586
2075-09-16,3.9553995,6.727169,5.9037447,5.3245325,4.3764496,6.1079664,6.2678833,4.580618,8.308862,4.9945745,6.0758524,3.6790714
2075-10-16,5.776538,5.0011997,7.31102,5.4778214,4.0748606,2.9970398,4.698346,4.7811594,6.0601225,3.112009,4.672717,5.0777397
2075-11-16,3.6002321,3.189015,5.8799624,4.3872695,2.6747613,5.838463,5.248393,4.60674,3.9419394,3.490046,2.2966137,3.2326622
2075-12-16,3.0356722,5.45171,4.070183,1.601234,2.4303017,1.4458065,3.8242302,4.1059422,3.6764388,4.4162426,3.023861,2.8247342
2076-01-16,3.183846,0.80560374,4.4830747,3.832351,1.4528449,1.8064203,1.7929859,3.5009012,6.2232823,3.2222657,4.3847218,1.4823656
2076-02-16,2.702364,3.210749,3.2852867,0.37148213,1.4063926,3.3730822,4.591455,4.475176,1.2394102,2.8619452,3.429978,1.2279344
2076-03-16,4.432111,4.2989373,4.626203,2.9152007,1.7913713,2.5327063,5.0832996,3.9738736,3.5445004,2.9046862,1.477653,1.7412658
2076-04-16,1.2439175,3.4150825,2.9713073,5.104944,1.7334666,1.6137352,3.8109674,4.7118945,3.3478537,3.6433907,4.916946,3.945064
2076-05-16,2.6057081,8.163547,3.4285355,4.003811,3.7989464,3.3233213,3.4927425,5.519332,3.9930687,4.863866,0.87890434,3.4102345
2076-06-16,5.4633865,5.4149885,3.1960144,4.2649527,4.493843,2.7406769,4.180481,6.003644,4.4403934,3.4227972,4.71311,3.9535065
2076-07-16,6.4736557,4.0583916,7.3968763,4.951481,3.211999,6.0847015,6.282442,5.107458,6.8546867,5.019706,7.3097744,6.5060444
2076-08-16,7.23312,6.823221,6.9186783,5.809346,4.1627703,6.514616,7.3986893,5.642475,7.831007,4.4988375,6.379242,5.59865
2076-09-16,4.7905893,7.011158,6.0175962,3.8909712,5.3441143,7.246539,7.632765,2.9580097,6.6105947,3.5150013,5.7485323,3.9844322
2076-10-16,3.6576157,5.3178463,4.5377054,4.534259,2.9817848,6.252285,6.5846815,4.900399,5.7870626,3.7923584,3.739172,4.26429
2076-11-16,3.6952925,5.6733117,5.006932,3.4884887,3.374453,2.4217434,7.279871,3.0291824,3.3958616,5.215839,2.9076748,2.5639095
2076-12-16,3.9795423,5.731974,2.7438524,4.5389853,3.6045804,3.5975695,5.136139,1.8471117,4.048815,3.9438267,2.134925,3.1653638
2077-01-16,3.389429,3.4650915,4.2876024,4.4711275,1.664643,4.4502497,3.6221046,0.5378952,3.3358612,1.6231723,-0.46345043,-0.49133968
2077-02-16,2.4440541,5.8211155,3.9129817,4.819729,2.4952507,2.2549982,1.0656447,1.7745612,3.232352,2.7323174,2.309328,2.2955875
2077-03-16,2.7061973,5.009995,2.8237362,4.012996,2.100309,2.851368,3.1057038,3.285283,1.4510603,2.2621653,2.1401243,2.8642669
2077-04-16,3.8686438,4.954559,3.29559,5.0124273,0.76236963,2.1632462,3.7069368,5.1567197,2.4322357,0.91117,2.2262483,1.4181676
2077-05-16,2.7121477,4.5421762,3.1472025,3.43863,2.6062021,2.7264795,6.7387238,1.7132282,0.9948683,5.9097376,2.696022,-0.23845196
2077-06-16,4.1100388,4.933709,5.437565,3.9735117,0.5725565,4.6698246,2.784811,2.488614,8.58173,1.8140326,3.4577885,2.3925838
2077-07-16,6.419941,5.470619,4.0694838,5.615574,4.0427694,7.8913803,7.676626,5.6163597,5.3837013,2.8638315,4.7802143,3.5898323
2077-08-16,7.3282394,5.310919,4.409956,6.596957,5.9527445,7.109989,7.5301647,6.427849,6.356098,4.2163935,5.726652,2.9829273
2077-09-16,5.094548,5.39802,3.0662603,5.226947,4.734749,8.759238,5.1899433,4.310314,4.5924616,4.4439573,5.354907,2.8806038
2077-10-16,6.462181,5.7779036,2.8113337,5.181756,2.6945467,4.3494844,4.6760216,5.0110254,5.303933,4.318507,5.7408447,3.048769
2077-11-16,4.8014812,4.435659,1.8206944,3.6187882,2.3159547,3.2432442,6.4894753,3.9270134,3.5489225,3.737142,4.9006577,3.600296
2077-12-16,4.019439,4.238959,1.9725697,4.899887,1.4534245,3.3414192,4.709282,2.6827335,3.6159172,4.185259,3.4078274,3.240954
2078-01-16,2.9172683,4.695839,1.8116927,3.7341568,-0.68428326,-0.02481699,2.116109,1.5082307,6.052157,2.5019631,3.3904781,2.42248
2078-02-16,0.69075394,4.9682875,4.8336315,3.5358493,0.15140772,0.53517056,1.791688,3.1426666,3.8542335,0.44574308,3.430686,4.994416
2078-03-16,0.37395906,5.4110856,3.307806,3.8579211,0.989655,2.4773211,4.057766,3.54499,2.9640322,2.1931741,1.5001049,2.817576
2078-04-16,0.52892447,5.168368,3.9967856,2.4285097,4.609902,2.729457,4.6938667,3.9517722,1.7323656,2.4776964,0.8152919,3.8253646
2078-05-16,4.175185,2.6368818,1.4447527,1.295474,2.800682,3.239277,4.3653316,3.6657047,4.173481,3.2863255,5.3382616,4.0200844
2078-06-16,5.803648,2.8497229,3.7940788,6.5696535,0.9146433,7.7399864,5.1347656,1.9011297,7.177965,5.3141212,4.6374454,4.81279
2078-07-16,8.299566,3.344614,5.7942705,7.1072235,4.7512255,7.1695747,5.624378,4.324667,6.3566437,3.683095,5.4948235,4.320448
2078-08-16,6.50774,5.579832,6.238846,5.906335,6.430747,4.609558,7.0366898,5.408844,7.410986,8.03622,4.3891068,6.444706
2078-09-16,3.850192,6.265337,6.714135,5.7016687,4.954714,7.0361967,5.414133,4.5273304,7.3445387,4.7076845,5.200099,4.0730762
2078-10-16,1.760252,4.7007484,4.596077,5.3528614,5.0719585,7.849825,4.9560757,4.1745806,5.7910824,3.757883,6.5259495,4.8303156
2078-11-16,4.548107,4.5935254,4.2876735,5.2666287,4.335586,5.5378246,4.282099,1.0246224,5.5458527,3.1081767,3.9857807,2.7733526
2078-12-16,2.279912,5.06737,3.0924175,4.088314,3.8142471,2.9369936,3.0301604,5.0558743,2.2829747,4.487858,3.8546534,3.4039178
2079-01-16,2.4255095,3.980427,3.7571526,3.7515123,2.3048618,4.0586023,3.8869953,2.4227371,1.9767809,3.7350526,4.3516884,2.0983257
2079-02-16,4.531718,2.8800838,2.6187413,4.719282,1.3682523,1.7414479,6.411012,4.1440363,3.958279,4.135962,3.0278249,1.9445257
2079-03-16,3.495986,4.596606,1.4823074,4.291592,2.6570249,2.2955093,6.420806,3.5134754,1.7042832,4.2220907,1.5460424,0.7743573
2079-04-16,3.6219645,3.5708728,1.9129491,4.4522533,0.12067747,5.4898148,4.1275797,3.9849896,3.7073011,4.6178846,1.8392692,1.6095815
2079-05-16,7.406926,4.9401264,3.775692,5.1526766,1.0350361,4.38591,5.1346416,2.5639782,1.9158211,1.9973803,7.588931,4.497902
2079-06-16,4.998207,5.516677,5.6911774,6.023328,0.87524223,6.7841988,3.4458008,8.139417,4.7533054,4.8020554,6.604868,1.2330322
2079-07-16,6.417511,6.897684,6.559991,7.7381325,2.997054,8.073124,4.9105244,5.2927322,5.522291,4.2075396,5.4153194,4.57251
2079-08-16,8.369923,7.833393,7.2048416,6.6567965,5.452676,5.0891075,6.7413006,6.847042,7.1417866,7.0798006,5.758341,7.3447666
2079-09-16,6.2281084,7.164707,5.269824,4.037179,3.9110203,5.439866,7.3164806,4.2300014,6.3006487,4.017247,6.755492,4.3962803
2079-10-16,4.3696995,8.129281,4.375736,7.3307962,3.7459888,3.5019703,5.0455656,3.8533134,6.7437296,2.524331,6.424862,3.563901
2079-11-16,5.792226,4.6642547,4.7926097,3.419231,2.4479833,4.977458,5.9744797,3.6407185,4.9062414,3.9376454,5.2500963,4.6715794
2079-12-16,0.67063046,6.4521356,2.16802,3.083506,3.2264576,4.0301085,2.8588967,5.4639306,3.442154,2.7576342,3.531702,2.775229
2080-01-16,4.747476,3.078602,4.390071,2.4130728,2.8420174,2.4800558,1.5904684,5.756725,4.394393,3.816965,2.8262687,0.23605394
2080-02-16,2.8095474,3.7722762,2.458277,2.8779256,2.0200157,2.218203,1.8166423,1.9916227,3.3887522,3.4379673,3.0609822,2.0033865
2080-03-16,3.7187538,5.9718223,1.9781647,2.8705335,1.3527799,2.8947668,2.395935,0.03618145,2.6074662,2.9296138,2.2654896,2.6093135
2080-04-16,3.2145576,3.327577,2.2371488,3.6461697,1.7682462,2.7840834,1.3847604,4.3239074,3.4882107,4.104954,2.1134372,4.0114627
2080-05-16,0.9255724,4.902068,4.0634556,4.831815,3.5017843,4.4626236,3.0837326,2.9216795,4.2492733,2.6203747,5.1097374,1.6423454
2080-06-16,4.14262,4.2328672,4.463339,4.7360964,7.4527683,3.776678,4.4501076,4.8688536,5.716608,4.2202663,4.6503754,1.8161659
2080-07-16,2.9737434,6.78001,6.204749,7.7485905,4.7498426,7.055607,4.944689,6.119831,9.19817,5.7454443,8.39987,5.137583
2080-08-16,5.378872,7.1268005,5.4217644,6.0697374,6.9792166,8.359615,5.3037167,5.0202446,7.1760483,7.289439,7.341383,6.177454
2080-09-16,4.7765474,6.7439175,6.578225,5.2125025,4.2320175,5.3025675,4.474678,3.7451077,4.3186064,4.6938295,6.064706,4.9154034
2080-10-16,6.012045,8.096053,6.8566074,6.7434397,5.8572483,6.4928436,4.7772217,3.080493,5.1073227,3.0865316,6.656658,4.3343306
2080-11-16,5.12341,7.448624,5.81792,6.111301,2.250115,5.688903,2.3818817,3.87397,4.484622,3.9447665,5.142379,2.9899035
